0, Abderrezzak, Abdelhamid
1, Abrate, Marco
2, Abuku, Tomoaki
3, Adam, David
4, Adamczewski, Kamil
5, Adegoke, Kunle
6, Adelberg, Arnold
7, Adell, Jos&eacute; A.
8, Adeniran, Ayomikun
9, Adiga, Chandrashekar
10, Adolphson, Alan
11, Aebi, Christian
12, Agoh, Takashi
13, Agust&iacute;n-Aquino, Octavio A.
14, Ahmed, Tanbir
15, Ahmia, Moussa
16, Ait-Amrane, Lyes
17, Aiylam, Dhroova
18, Akbary, Amir
19, Akhtar, Reza
20, Akopyan, Arseniy
21, Akula, Aditya
22, Ak&uuml;z&uuml;m, Ye&scedil;im
23, Alaca, Ay&scedil;e
24, Alaca, &#350;aban
25, Alanazi, Abdulaziz M.
26, Alanazi, Jamilah
27, lbert, Michael H.
28, Alekseyev, Max A.
29, Alexeev, Boris
30, Alhakim, Abbas
31, Ali, Debbache
32, Alkan, Emre
33, Allen, Edward E.
34, Allen, M. R.
35, Allouche, J.-P.
36, Alm, Jeremy F.
37, Alon, Noga
38, Alpert, Hannah
39, Altman, Harry
40, Alvarado, Sa&uacute;l D&iacute;az
41, Alvarez-Salazar, Elise
42, Alves, Francisco Regis Vieira
43, Alweiss, Ryan
44, Alzer, Horst
45, Amato, Roberto
46, Ambrose, Christopher
47, Amdeberhan, Tewodros
48, Amirkhanyan, Gagik
49, Ammons, Savana
50, Amos, Jeff
51, Andersen, A.S.
52, Anderson, Ian
53, Andrade, Julio C.
54, Andrews, George E.
55, Andrica, Dorin
56, Angelo, Rodrigo
57, Anglani, Roberto
58, Anible, Emily E.
59, Ansaldi, Katie
60, Antony, Deepa
61, Aoki, Miho
62, Apagodu, Moa
63, Apel, Geoffrey
64, Arab, Meysam
65, Araci, Serkan
66, Ardal, Hayri
67, Ardila, Rene
68, Armbruster, Ashley
69, &Aacute;rend&aacute;s, P&eacute;ter
70, Ar&#305;kan, Talha
71, Arnoux, Pierre
72, Arroyo, Aubin
73, Asca&ntilde;o, Joy P.
74, Asinowski, Andrei
75, Askgaard, Jens
76, Asplund, John
77, Assaf, Sami
78, Athreya, Jayadev S.
79, Athreya, Krishna B.
80, Au, Yu-Hin
81, Augspurger, C.
82, Axenovich, Maria
83, Axler, Christian
84, Ayad, Mohamed
85, Aygin, Zafer Selcuk
86, Ayyad, Anwar
87, Bachman, Gennady
88, Bachoc, C.
89, Backman, Spencer
90, Baczkowski, Daniel
91, Bade, Tej
92, Baglini, Lorenzo Luperi
93, Bai, James Haoyu
94, Baier, Stephan
95, ajnok, B&eacute;la
96, Baker, Simon
97, Bal, Hartosh Singh
98, Balaji, Vajresh
99, Balaji, Vishal
100, Balasubramanian, R.
101, Bal&aacute;&#382;i, Peter
102, Bal&aacute;&#382;, Vladim&iacute;r
103, Baldoni, Velleda
104, Balkov&aacute;, L'ubom&iacute;ra
105, Ballantine, Cristina
106, Ballot, Christian
107, Balog, Antal
108, Bamunoba, Alex Samuel
109, Bandyopadhyay, Subhajit
110, Banerjee, Pradipto
111, Banks, William D.
112, Barai, Rakesh
113, Barat, Guy
114, Barber, Ben
115, Barbero, Stefano
116, Bardaji, Itziar
117, Barequet, Gill
118, Barger, Grace
119, Baril, Jean-Luc
120, Barile, Margherita
121, Barman, Rupam
122, Barrios, Alexander J.
123, Bartz, Jeremiah
124, Baruah, Nayandeep Deka
125, Baruchel, Thomas
126, Baskoro, E. T.
127, Bates, Bruce
128, Bat&#305;r, N.
129, Batra, Sanjit Singh
130, Bayless, Jonathan
131, B&eacute;nyi, Be&aacute;ta
132, Beal, Timothy Kevin
133, Beck, George
134, Beck, Matthias
135, Beckwith, Olivia
136, Beeler, Robert A.
137, Behloul, Djilali
138, Behum, Sharon E.
139, Beideman, Calvin
140, Belbachir, Hac&egrave;ne
141, Belkhir, Amine
142, Bell, George I.
143, Bencherif, Farid
144, Bencs, Ferenc
145, Benesh, Bret
146, Benjamin, Arthur T.
147, Bennett, Michael A.
148, Benyahia Tani, Nesrine
149, B&eacute;nyi, Be&aacute;ta
150, Berkove, Ethan
151, Berline, Nicole
152, Bersani, Alberto Maria
153, Berth&eacute;, Val&eacute;rie
154, Bertrand-Mathis, Anne
155, Best, Andrew
156, Beste, Meeri-Liisa
157, Bevilacqua, Erin
158, Bhanja, Jagannath
159, Bhatnagar, Gaurav
160, Shattacharjee, Sreerupa
161, Bhoi, Kisan
162, Bhowmick, Krishnendu
163, Bhowmik, Gautami
164, Bhuniya, A. K.
165, Bhutani, Kiran R.
166, Bialostocki, Arie
167, Bibby, Sean
168, Bidar, Mohammadreza
169, Bierbrauer, Jurgen
170, Binner, Damanvir Singh
171, Birmajer, Daniel
172, Blagouchine, Iaroslav V.
173, Blair, D. Dakota
174, Blair, Matthew
175, Blanc, Lois
176, Blanchet-Sadri, F.
177, Blanco, Sa&uacute;l A.
178, Blanchard, Peter F.
179, Bl&aacute;zsik, Zolt&aacute;n L.
180, Blecksmith, Richard
181, Blodgett, Aaron
182, Blokhuis, Aart
183, Blomberg, Lars
184, Blondel, Vincent D.
185, Boca, Florin P.
186, Bodor, Bertalan
187, Bohra, Ayush
188, Bonato, Anthony
189, Bonde, Vedant
190, Booker, Andrew R.
191, Boothby, Tomas
192, Bora, Jonali
193, Borah, Padma Bhushan
194, Borb&eacute;ly, J&oacute;zsef
195, Bordell&egrave;s, Olivier
196, Borges, A.
197, Boros, Endre
198, Boruah, Bidyaut
199, Borwein, David
200, Borwein, Jonathan M.
201, Bosma, Wieb
202, Bouroubi, Sadek
203, Bousbaa, Imad-Eddine
204, Boussayoud, Ali
205, Bowen, Matthew
206, Bower, Amanda
207, Boyadzhiev, Khristo N.
208, Boyer, Robert P.
209, Bradford, Kyle
210, Bramham, Alexander
211, Braun, Benjamin
212, Bray, Patrick F.
213, Brenner, Hazel N.
214, Brent, Barry
215, Brent, Richard
216, Bresz, Kellie
217, Breuer, Felix
218, Breuer, Florian
219, Brewbaker, Chad
220, Bridges, Walter
221, Brillhart, John
222, Brindle, Benjamin
223, Broersma, H. J.
224, Broughan, Kevin A.
225, Brouwer, Andries E.
226, Brown, Jim
227, Brown, Kenneth A.
228, Brown, Morgan V.
229, Brown, Ron
230, Brown, Tom C.
231, Brunat, Josep M.
232, Bruno, Jorge
233, Brunotte, Horst
234, Bu, AJ
235, Budden, Mark
236, Bugeaud, Yann
237, Buhler, Joe
238, Bunder, Martin W.
239, Buontempo, Jenny
240, Burke, Kyle
241, Burt, David
242, Burungale, Ashay
243, Butler, Steve
244, Bush, Albert
245, Buzzard, Kevin
246, Byard, Kevin
247, Bykova, Sofya
248, Byramji, Farzan
249, Bystrzycki, Rafa&lstrok;
250, Byrnes, Steven
251, Bzd&#x0229;ga, Bart&#322;omiej
252, Caballero, Jos&eacute; Manuel Rodr&iacute;guez
253, Cai, Tianxin
254, Cairns, Brant
255, Cairns, Grant
256, Caldwell, Chris K.
257, Calkin, Neil J.
258, Calkins, Nicole
259, Callan, David
260, Campbell, Andre&eacute; Alexander
261, Campbell, Garikai
262, Campbell, John Maxwell
263, Campos, Helena
264, Candela, Pablo
265, Canfield, E. Rodney
266, Cao, Xue-Qin
267, Cao, Zhu
268, Caple, Christine
269, Carlos, Elise
270, Carlson, Timothy J.
271, Caro, Yair
272, Carpi, Arturo
273, Carter, Jamylle
274, Carvalho, Alda
275, Cass, Robert
276, Cassell, Catherine
277, Catarino, Paula Maria Machado Cruz
278, Catt, Elliot
279, Caveney, Geoffrey
280, C&eacute;gielski, Patrick
281, Celerier, Charles
282, &#268;erin, Zvonko
283, Cerruti, Umberto
284, Chabert, Jean-Luc
285, Chaichana, Tuangrat
286, Chakraborty, Aninda
287, Chan, Heng Huat
288, Chan, Song Heng
289, Chan, Tsz Ho
290, Chan, W. H.
291, Chandler, Ray
292, Chaney, Zachary
293, Chang, Mei-Chu
294, Chaopraknoi, Sureeporn
295, Chaplick, Steven
296, Chapman, Jeremy
297, Chapman, Robin
298, Chapman, Scott T.
299, Chappelon, Jonathan
300, Charlier, Emilie
301, Chase, Zachary
302, Chattopadhyay, Jaitra
303, Chaudhary, M. P.
304, Chebolu, Sunil K.
305, Checa, Daniel F.
306, Chen, Bin
307, Chen, Fang
308, Chen, Feng-Juan
309, Chen, Kuo-Jye
310, Chen, Li-Chung
311, Chen, Shi-Chao
312, Chen, Yong-Gao
313, Chen, Young-Ming
314, Chen, Yung-Pin
315, Chen, Xi
316, Cheng, Yin Choi
317, Chern, Shane
318, Cherukupally, Srikanth
319, Cheslack-Postava, Tegan
320, Chikin, Nikolay
321, Chim, Kwok Chi
322, Chintamani, Mohan N.
323, Chinwarakorn, Sirawich
324, Chipeniuk, Karsten
325, Chitmung, Natthaphong
326, Choi, Jongwoo
327, Choi, Yunseo
328, Choliy, Yuriy
329, Choudhry, Ajai
330, Christober, M. Davamani
331, Christopher, A. David
332, Chu, H&#249;ng Vi&#7879;t
333, Chu, Wenchang
334, Chung, Chan-Liang
335, Chung, Fan
336, Chung, Matthew
337, Chung, Ping Ngai
338, Ciere, Michael
339, Cilleruelo, Javier
340, Cincotti, Alessandro
341, Cipra, James Arthur
342, Cipu, Mihai
343, Clark, Lane
344, Clark, Pete L.
345, Clark, Steven P.
346, Clayton, Graeme
347, Clem, Stian
348, Clifton, Justin
349, Clow, A.
350, Cobeli, Christian
351, Cobo, Helena
352, Cochrane, Albert
353, Cochrane, Todd
354, Coelho, Franscisco
355, Cohen, Graeme L.
356, Cohen, Joel E.
357, Coleman, Deidra
358, Collins, David
359, Connolly, Samuel
360, Coons, Michael
361, Cooper, Benjamin
362, Cooper, Curtis
363, Cooper, Joshua
364, Cooper, Shaun
365, Coppersmith, Don
366, Coppo, Marc-Antoine
367, Coppola, G.
368, Cordwell, Katherine
369, Corr&aacute;di, Kereszt&eacute;ly
370, Correll, Jr., Bill
371, Corteel, Sylvie
372, Cosgrave, John B.
373, Courtright, Kevin M.
374, Cox, Danielle
375, Crabill, Doug
376, Crandall, Richard
377, Cri&#537;an, Drago&#537;
378, Croot, Ernie
379, Cruz, Helena Mart&iacute;n
380, Csernenszky, Andr&aacute;s
381, Cui, Kelly
382, Cullinan, John
383, Culver, Clay
384, Curran, Stephen J.
385, Currie, James D.
386, Curtis, Dawn
387, Cusick, Thomas W.
388, D., Ranganatha
389, Dai, Haobo
390, Dai, Li-Sia
391, Dailly, Antoine
392, Dajani, Karma
393, D'Alonzo, Valerio
394, Damir, Mohamed Taoufiq
395, Dang, Sakshi
396, Darling, R. W. R.
397, Das, Shamik
398, Das Adhikari, Sukumar
399, Dasher, A. Suki
400, de Castro, Dario T.
401, da Silva, Robson
402, Dastidar, Manosij G.
403, Daugherty, Zajj
404, Davenport, Dennis E.
405, David, Chantal
406, Davis, Donald M.
407, Davis, Julia
408, Davis, Robert
409, Ddamulira, Mahadi
410, De, Dibyendu
411, Deaconescu, Marian
412, Dean, Nathaniel
413, Dearden, Bruce
414, Debnath, Pintu
415, Defant, Colin
416, de Jesus, M. N.
417, de Jonge, Jaap
418, Dekking, Michel
419, de Koninck, Jean-Marie
420, De Loera, Jes&uacute;s A.
421, Demaine, Erik D.
422, Depret-Guillaume, James S.
423, de Reyna, J. Arias
424, DeSalvo, Stephen
425, de Sousa, Renata Te&oacute;filo
426, De Wannamacker, Steve
427, de Weger, Benne
428, de Wiljes, Jan-Hendrik
429, Delbourgo, Daniel
430, Delcourt, Michelle
431, Delorme, Charles
432, Deng, Guixin
433, Deng, Yingpu
434, Derbal, Abdallah
435, Deshouillers, Jean-Marc
436, Deutsch, Emeric
437, Deutsch, Jesse Ira
438, Deveci, &Ouml;m&uuml;r
439, Devlin, Patrick
440, DeVos, Matt
441, Dey, Pallab Kanti
442, Di Biagio, Lorenzo
443, Di Claudio, Leontina Veliana
444, Di Nasso, Mauro
445, Dias, C&aacute;tia Lente
446, Dick, Josef
447, Diesl, Alexander
448, Diffenderfer, James D.
449, Dil, Ayhan
450, Dilcher, Karl
451, Diomidov, Yevhenii
452, Disanto, Filippo
453, Dobson, John Blythe
454, Doering, Jessica
455, Doerksen, Kevin
456, Dorbec, Paul
457, dos Santos, Carlos Pereira
458, Dougherty-Bliss, Robert
459, Douglas, Ian
460, Dove, Andrew P.
461, Doyon, Nicolas
462, Doyle, Greg
463, Doyon, Nicolas
464, Drake, Nate
465, Drema, Rinchin
466, Dresden, Greg
467, Drummond-Cole, Gabriel C.
468, Du, Daniel D.
469, Duan, Heli
470, Duan, Shu-Juan
471, Dubickas, Art&#363;ras
472, Duch&ecirc;ne, Eric
473, Dudek, Andrzej
474, Dufour, Matthieu
475, Dujella, Andrej
476, Dukes, Peter J.
477, Duncan, Breille
478, Dunn, Scott M.
479, Dupuy, Benjamin
480, Duran, &Ouml;mer
481, Durham, Gabriel
482, Dutour, Mathieu
483, Dutra, Brandon E.
484, Dutta, Mridul
485, Dutta, Utkal Keshari
486, Dvoracheck, Tyler
487, Dvo&rcaron;&aacute;kov&aacute; (born Balkov&aacute;), L'ubom&iacute;ra
488, Dwivedi, Himanshu Kumar
489, Dwivedi, Srashti
490, Dwyer, Aaron
491, Dynes, Patrick
492, Dziemia&#x00144;czuk, M.
493, Earnest, A. G.
494, Eaton, Rachel
495, Ebrahimi-Fard, Kurusch
496, Eckard, Emily
497, Edel, Yves
498, Edelsbrunner, Xixi
499, Edgar, Tom
500, Edjeou, Bilizimb&eacute;y&eacute;
501, Edson, Marcia
502, Edwards, Olivai
503, Egbert, Nick
504, Eger, Steffen
505, Egge, Eric S.
506, Eichhorn, Dennis
507, Eickemeyer, Andrew
508, Eigen, S.
509, Einstein, David
510, Eitner, Justin
511, Ekhad, Shalosh B.
512, El Bachraoui, Mohamed
513, El Turkey, Houssein
514, Eldredge, Michael G.
515, ElDin, Ramy F. Taki
516, Elia, Marcus
517, Eliahou, Shalom
518, Elias, Yara
519, Elizeche, Edgar Federico
520, Elkhiri, Laid
521, Ella, Sophia
522, Elledge, Shawn
523, Elliott, Jesse
524, Elsner, Carsten
525, Emadian, Elliot R.
526, Emanuel, Paul Robert
527, Emme, Jordan
528, Emory, Melissa
529, Endrullis, J&ouml;rg
530, Engberg, Zebediah
531, Engbers, John
532, Epstein, Alyssa
533, Erban, Radek
534, Erdahl, Robert
535, Erde, Joshua
536, Erd&#337;s, Paul
537, Ericksen, Larry
538, Eriksson, Kimmo
539, rnst, Dana C.
540, Esmaeili, Morteza
541, Eustis, Alex
542, Evans, Anthony B.
543, Evans, C. D. A.
544, Evans, Ron
545, Evans, Tyler J.
546, Everett, William B.
547, Fallon, Kean
548, Fan, Kai (Steve)
549, Fan, Yushuang
550, Fang, Jin-Hui
551, Fares, Youssef
552, Farhadian, Reza
553, Farhangi, Sohail
554, Farhi, Bakir
555, Farrokhi D. G., Mohammad
556, Faure, Henri
557, Faye, Bernadette
558, Fel, Leonid G.
559, Fellman, Tasha
560, Fellman, Todd
561, Feng, Cong-Jiao
562, Feng, Li
563, Ferland, Matthew
564, Fernando, Neranga
565, Ferrari, Luca
566, Ferrari, Matteo
567, Fickes, Grant
568, Fidkowski, Lukasz M.
569, Filaseta, Michael
570, Filipovski, Slobodan
571, Finbow, S.
572, Finch(-Smith), Carrie
573, Finch, Steven R.
574, Finch-Smith, Carrie
575, Fink, Alex
576, Firicel, Alina
577, Fish, Sara
578, Fisher, Michael
579, Fitzgerald, Robert W.
580, Fletcher, Peter
581, Fl&oacute;rez, Jorge
582, Fl&oacute;rez, Rigoberto
583, Fl&oacute;rez, Rigoberto
584, Flori, Jean-Pierre
585, Florian, Josef
586, Flowers, Timothy B.
587, Foo, Timothy
588, Ford, Kevin
589, Fox, Jacob
590, Fox, N. Bradley
591, Fox, Nathan
592, Fraenkel, Aviezri S.
593, France, M. Mend&egrave;s
594, Francis, Forrest J.
595, Franke, Johann
596, Franzone, Katherine
597, Fraser, William
598, Freedman, Allen R.
599, Freeman, John M.
600, Fried, Katalin
601, Friedman, Eric J.
602, Freiling, Chris
603, Freiman, Gregory A.
604, Freitas, G&eacute;rsica
605, Friedlander, John B.
606, Frigeri, Achille
607, Frontczak, Robert
608, Frougny, Christiane
609, Fu, Shishuo
610, Fuchs, Clemens
611, Fujisawa, Yusuke
612, Fukui, Masanori
613, Gaebler, David
614, Gaebler, Robert
615, Gabor, Zachary
616, Gaede, Tao
617, Gaiser, Collier
618, Gaitanas, Konstantinos
619, Gallardo, Luis H.
620, Ganzell, Sandy
621, Gao, Alice L.L.
622, Gao, Peng
623, Gao, Shanzhen
624, Gao, Weidong
625, Gao, Zhenguang
626, Gao, Zhicheng
627, Garc&iacute;a, Victor Cuauhtemoc
628, Garc&#237;a-Pulgar&#237;n, Gilberto
629, Garc&iacute;a-S&aacute;nchez, Pedro A.
630, Garge, Anuradha S.
631, Garrabrant, Scott M.
632, Garrity, Thomas
633, Gassert, T. Alden
634, Gates, Zachary
635, Gavel, Hillevi
636, Geneson, Jesse
637, Georgakopoulos, Agelos
638, Georges, John P.
639, Gerhold, Stefan
640, Germain, Jam
641, Geroldinger, Alfred
642, Gessel, Ira M.
643, Ghosh, Swapan Kumar
644, Gianella, Gian Mario
645, Gibbs, Philip
646, Gibson, D. Jason
647, Gibson, Maghann Moriah
648, Gil, Juan B.
649, Gilmer, J.
650, Gimbel, Steven
651, Ginosar, Yuval
652, Gireesh, D. S.
653, Giraldo, Hern&aacute;n
654, Girard, Benjamin
655, Girgensohn, Roland
656, Girstmair, Kurt
657, Glass, Darren B
658, Glebsky, Lev
659, Gledel, Valentin
660, Glenn, Jeske
661, Glunz, Henry
662, G&oacute;mez-Flores, Axel O.
663, Goadrich, Mark
664, Godbole, Anant
665, Goddard, Bart
666, Goddyn, Luis
667, Godinho, Hemar
668, Goff, Michael
669, Goh, Marcel K.
670, Goins, Edray Herber
671, Goldbring, Isaac
672, Goldstein, Eli
673, Goldwasser, John
674, Gonz&aacute;lez, Marcos J.
675, Gonz&aacute;lez, Oscar E.
676, Good, Jack
677, Gordon, Russell A.
678, Goswami, Sayan
679, Gotou, Rin
680, Goubi, Mouloud
681, Gould, H. W.
682, G&ouml;ral, Haydar
683, Goy, Taras
684, Graham, Ron
685, Grantham, Jon
686, Gravel, Claude
687, Graves, Hester
688, Gray, Daniel
689, Griggs, Jerrold R.
690, Grinberg, Darij
691, Groen, Steven R.
692, Grubb, Thomas
693, Grundman, Helen G.
694, Grynkiewicz, David J.
695, Grytczuk, Jaros&lstrok;aw
696, Gueco, Edna N.
697, Gugg, Chadwick
698, Guhl, Matthew
699, Guiben, Salem
700, Gullerud, Emily
701, Guo, Bai-Ni
702, Guo, Victor Z.
703, Guo, Yu-Hong
704, Gurvich, Vladimir
705, Gutekunst, Samuel
706, Guttierez, Marcela
707, Guy, R. K.
708, Gy, Ren&eacute;
709, Gyarmati, Katalin
710, Hadj-Brahim, S.
711, Hadjicostas, Petros
712, Haff, L. R.
713, Hall-Seelig, Laura L.
714, Hamkins, Joel David
715, Hamm, Jessica
716, Hammer, James
717, Han, Sandie
718, Handley, B.
719, Hansen, Cody
720, Hansen, Cody S.
721, Harborth, Heiko
722, Harrington, Joshua
723, Harris, Pamela E.
724, Hasanalizade, Elchin
725, Hassani, Mehdi
726, Hatley, Jeffrey
727, Haukkanen, Pentti
728, Havens, Christopher Robin
729, Hayward, Ryan B.
730, Hedetniemi, Jason
731, Hedge, Shruti
732, Heged&#369;s, G&aacute;bor
733, Hegyv&aacute;ri, Norbert
734, Heinrich, Marc
735, Hemmandy, Anand
736, Henaku, Calvin
737, Henderson, Philip
738, Hendrickx, Julien M.
739, Hendriks, Dimitri
740, Hennecart, Fran&ccedil;ois
741, Herden, Daniel
742, Hermida, A.
743, Hern&aacute;ndez, Santos Hern&aacute;ndez
744, Hertlein, Alexander
745, Herzinger, Kurt
746, Heubach, Silvia
747, Heuberger, Clemens
748, Heyman, Randell
749, Hiary, Ghaith
750, Hicks, Jacob
751, Higashitani, Akihiro
752, Higgins, Zach
753, Higuita, Robinson A.
754, Hildebrand, A.J.
755, Hilgart, Tobias
756, Hiller, Josh
757, Hindman, Neil
758, Hine, Natalie
759, Hines, Taylor
760, Hirschberg, Daniel S.
761, Hirschhorn, Michael
762, Hirshberg, susan
763, Hisert, George A.
764, Ho, Nhan Bao
765, Ho, Pak Tung
766, Ho, Randy W.
767, Hoffman, Michael E.
768, Hogan, M. S.
769, Hoit, Abigail
770, Holdum, Sebastian Tim
771, Holliday, Sarah H.
772, Holshouser, Arthur
773, Holt, Benjamin V.
774, Hopkins, Brian
775, Hopkins, Kimberly
776, Horan, Victoria
777, Horn, Paul
778, Horrocks, David G. C.
779, Horrocks, Jonathan H.
780, Horvath, Gabor
781, Ho&scedil;ten, Serkan
782, Hou, Qing-Hu
783, Hsu, Leetsch C.
784, Hu, Yining
785, Hu, Yongzhong
786, Hua, Guodong
787, Hua, Ting
788, Huggan, Melissa
789, Huguet, Janitzio Mej&iacute;a
790, Hui, Chun Yin
791, Huicochea, Mario
792, Humby, George
793, Hungerbuhler, Norbert
794, Huntemann, Svenja
795, Hurlbert, Glenn H.
796, Hussein, Saud
797, Hyatt, Matthew
798, Iannucci, Douglas E.
799, Iba, Victoria
800, Iiams, Joel
801, Imatomi, Kohtaro
802, Imbert, Laurent
803, Inaba, Youichi
804, Inoue, Maakito
805, Insko, Erik
806, Ionascu, Eugen J.
807, Iordache, Adrian
808, Iosevich, Alex
809, Irie, Yuki
810, Isaacson, Brad
811, Ismailescu, Dan
812, Isnaini, Uha
813, Ito, Shunji
814, Jacob, Jobby
815, Jacobs, R.
816, Jakimczuk, Rafael
817, James, Jeffery
818, James, Kevin
819, Jana, Subhajit
820, Janardhanan, Mano Vikash
821, Jani, Mahendra
822, J&auml;rleberg, Erik
823, Jaroma, John H.
824, Jenkins, Hugo
825, Jenkins, Paul
826, Jenkins, Scott
827, Jha, Sumit Kumar
828, Jia, Chang-Kun
829, Jiang, Wen
830, Jin, Hai-Tao
831, Jin, Renling
832, Jiu, Lin
833, Jobson, Adam
834, Johnson, John H.
835, Johnson, Katie
836, Johnson, Keith
837, Jones, Edna
838, Jones, Lenny
839, Jonsson, Markus
840, Jordan, Jill E.
841, Jouhet, Fr&eacute;d&eacute;ric
842, Joyner, David
843, Juarez, Jazmine
844, Juillerat, Jacob
845, Junes, Leandro
846, Jungers, Rapha&euml;l M.
847, Jungi&#263, Veselin
848, Just, Matthew
849, Juyal, Abhishek
850, Kadiri, Habiba
851, Kafle, Bir
852, Kahane, J.-P.
853, Kahkeshani, Reza
854, Kahrobaei, Delaram
855, Kainhofer, Reinhold
856, Kalle, Charlene
857, Kallus, Margaret G.
858, Kalmynin, A. B.
859, Kamano, Ken
860, Kanasri, N. R.
861, Kane, Daniel M.
862, Kaneko, Hajime
863, Kang, Jeong-Hyun
864, Kang, Ross J.
865, Kannan, S. S.
866, Kanungo, Siddhartha
867, Kao, Kuo-Yuan
868, Kapbasov, Ardak
869, Kapbasov, Arman
870, Kaplan, Gil
871, Kaplan, Nathan
872, Kar, Nirupam
873, Karaatli, Olcay
874, Karabulut, Cihan
875, Karaivanov, Borislav
876, Kariv, Jonathan
877, K&aacute;rolyi, Gyula
878, Kathiravan, T.
879, Katriel, Jacob
880, Katsipis, Nikos
881, Kaur, Mandeep
882, Kawasaki, Naho
883, Kay, Bill
884, Kaye, Ian
885, Kazda, Alexandr
886, Keane, Michael
887, Keaton, Rodney
888, eilthy, Adam
889, Keister, Derrick M.
890, Keith, William J.
891, Kellner, Bernd C.
892, Kelvey, Robert
893, Kemkes, Graeme
894, Kendrick, Caleb
895, Kendirli, Bar&inodot;&scedil;
896, Kerada, Mohamed
897, Kervaire, Michel
898, Kesicio&#287;lu, Yavuz
899, Khan, Bilal
900, Khan, Mizan R.
901, Khodkar, Abdollah
902, Khomovsky, Dmitry I.
903, Khongsit, S.
904, Khoshnam, Foad
905, Kifer, Curtis
906, Kihel, Omar
907, K&#305;l&#305;&ccedil;, Emrah
908, Kim, Byeong Moon
909, Kim, Byungchan
910, Kim, Dae San
911, Kim, Insuk
912, Kim, John Y.
913, Kim, Seoyoung
914, Kim, Sungjin
915, Kim, Young Jin
916, Kimberling, Clark
917, King, Adam J.
918, King, Dylan
919, King, Samuel
920, Kinlaw, Paul
921, Kirgizov, Sergey
922, Kirillov, Juri
923, Kirschenhofer, Peter
924, Kirschmer, Markus
925, Kiss, S&aacute;ndor Z.
926, Kitaev, Sergey
927, Kitaoka, Yoshiyuki
928, Kitrossky, Levi
929, Klausen, Frederik Ravn
930, Klazar, Martin
931, Klop, Jan Willem
932, Klouda, Karel
933, Klyve, Dominic
934, Knapp, Michael P.
935, Knop, Konstantin
936, Knopfmacher, A.
937, Koch, Zoe
938, Koh, Doowon
939, Kohl, Karen T.
940, K&ouml;kl&uuml;ce, B&uuml;lent
941, Kolitsch, Louis W.
942, Komatsu, Takao
943, Kominers, Scott Duke
944, Komornik, Vilmos
945, Konstantogiannis, Spiros
946, Kontorovich, Alex
947, Konyagin, Sergei V.
948, Kook, Woong
949, Koparal, Sibel
950, K&oacute;rus, P&eacute;ter
951, K&ouml;ppe, Matthias
952, Kops, J. Christopher
953, Koshy, Thomas
954, Kosovali&cacute;, Nemanja
955, Kouril, Michal
956, Kowalenko, Victor
957, K&rcaron;&iacute;&zcaron;ek, Michal
958, Kraaikamp, Cor
959, Krattenthaler, Christian
960, Krause, Adam
961, Kravitz, Noah
962, Krawchuk, Colin
963, Kritschgau, J&uuml;rgen
964, Kreh, Martin
965, Kritzer, Peter
966, K&#345;&iacute;&#382;ek, Michal
967, Kronholm, Brandt
968, Kruczek, Klay
969, Kr&uuml;ger, Oliver
970, Krylov, Nikolai A.
971, Kuba, Markus
972, Kubelka, Richard P.
973, Kuhapatanakul, Kantaphon
974, Kukla, Andrzej
975, Kumar, Abhimanyu
976, Kumar, Balesh
977, Kumar, Hitesh
978, Kumar, Manish
979, Kumar, Nikhil
980, Kumar, Shiv Datt
981, Kumchev, Angel V.
982, Kurlberg, P&auml;r
983, Kurt, Veli
984, Kushwaha, Seema
985, Kwong, Harris
986, Kwong, Man Kam
987, Kyll&ouml;nen, Urpo M.
988, &#321;aba, Izabella
989, Labelle, Antoine
990, Lagarias, Jeffrey C.
991, Lages, Ant&oacute;nio
992, Lal&iacute;n, Matilde
993, Lam, Heung Yeung
994, Lamarche, Alicia
995, Lambert, Joshua
996, Lampret, Vito
997, Lan, Bin
998, Landman, Bruce
999, Landsberg, Adam Scott
1000, Lane-Harvard, Liz
1001, Langeveld, Niels
1002, Langlois, Bruno
1003, Lanning, Charles
1004, Lao, Huixue
1005, Laohakosol, Vichian
1006, Lapointe, M&eacute;lodie
1007, Larsen, Bayley
1008, Larson, C. E.
1009, Larson, Matt
1010, Larsson, Urban
1011, Lazarev, Oleg
1012, Law, Shirley
1013, Leach, David
1014, Lebowitz-Lockard, Noah
1015, Ledoan, Andrew H.
1016, Lee, Ethan S.
1017, Lee, Jaewoo
1018, Lee, Jun Ho
1019, Lee, Philip
1020, Lee, Si Ying
1021, Lee, Sunyoung
1022, Lefmann, Hanno
1023, Lehmann, Hunter
1024, Lekuona, Alberto
1025, Lelis, Jean
1026, Lengyel, Tam&aacute;s
1027, Lentfer, John
1028, Leonessi, Davide
1029, Lepinski, Mathew
1030, Leroy, Julien
1031, LeSaulnier, Tim
1032, Leth, Steven
1033, Lettington, Matthew C.
1034, Leung, Ho-Hon
1035, Leung, Wing Hong
1036, Lev, Vsevolod F.
1037, Levy, Dan
1038, Levy, Karl
1039, Lewis, Max
1040, Lewis, Ryan H.
1041, Lewis, Scott
1042, Lewittes, Joseph
1043, Li, Bei
1044, Li, Chun
1045, Li, Deyaun
1046, Li, Haifeng
1047, Li, Hsuan-Chu
1048, Li, Jinjiang
1049, Li, Rusen
1050, Li, Shiyu
1051, Li, Shuguang
1052, Li, Taiyu
1053, Li, Teresa X.S.
1054, Li, Ting Hon Stanford
1055, Li, Xian-Jin
1056, Li, Xiaoping
1057, Li, Yangcheng
1058, Li, Yuan
1059, Li, Yuanlin
1060, Li, Zhangyuan
1061, Li, Zhao-Jun
1062, Li, Zhonghua
1063, Liardet, Pierre
1064, Lichtblau, Daniel
1065, Lichtman, Jared Ducker
1066, Lidick&yacute;, Bernard
1067, Lim, Chang Mou
1068, Lim, Chu-Wee
1069, Lim, Dongkyu
1070, Lin, Hsueh-Yung
1071, Lin, Ying-Jie
1072, Linz, William
1073, Liqun, Tao
1074, Liskovets, Valery A.
1075, Litsyn, Simon
1076, Liu, Dan
1077, Liu, Guodong
1078, Liu, Ji-Cai
1079, Liu, Wen An
1080, Liu, Yang P.
1081, Liu, Zhi-Guo
1082, Ljuji&#263;, &#381;eljka
1083, L&oacute;pez, Josefina
1084, Lockard, Shannon
1085, Locke, Stephen C.
1086, Loehr, Nicholas A.
1087, Loftin, Anne Marie
1088, Lohr, Andrew
1089, Lombaers, Peter
1090, Lomel&iacute;, Ana Cecilia Garc&iacute;a
1091, Lopes, Jos&eacute; Othon
1092, Lopes, Pedro
1093, L&oacute;pez, Josefina
1094, Loomis, Paul
1095, Loreti, Paola
1096, Lott, Adam
1097, Lott, Andrew
1098, Louchard, Guy
1099, Lovejoy, Jeremy
1100, Loveless, Andrew D.
1101, Low, Richard M.
1102, Lu, Qing-Lin
1103, Luca, Florian
1104, Luckner, Thomas
1105, Lumley, Allysa
1106, Luntzlara, Noah
1107, Luo, Jiagui
1108, Luo, Victor
1109, Luo, Wenyu
1110, Luong, Tran Dihn
1111, Lupini, Martino
1112, Lyall, Neil
1113, Lyzinski, Vince
1114, Ma, Lin
1115, Ma, Shilin
1116, Ma, Xin-Rong
1117, Ma, Yingbin
1118, Maamra, Mohammed Said
1119, Maaouia, Mohamed Ben Fraj Ben
1120, Ma&ccaron;aj, Martin
1121, Mac&iacute;as, Jhixon
1122, MacMillan, Kieren
1123, Mackenzie, Dana
1124, Magner, Richard
1125, Magness, Elsa
1126, Maharaj, Hiren
1127, Mahlburg, Karl
1128, Maitland, Christopher
1129, Maitra, Subhamoy
1130, Makino, Kazuhisa
1131, Maleki, Amir
1132, Manabe, Hikaru
1133, Mangerel, Alexander P.
1134, Mangueira, Milena Carolina dos Santos
1135, Manhart, Ethan
1136, Mani, Arun P.
1137, Manske, Jacob
1138, Manski, Sarah
1139, Mansour, Toufik
1140, Marcovecchio, Raffaele
1141, Marcovici, Ir&egrave;ne
1142, Maresch, Gabriel
1143, Mar&iacute;n, J.M.
1144, Markovich, Maria
1145, Markstr&ouml;m, Klas
1146, Marler, Jonathan J.
1147, Maroti, Attila
1148, Marques, Diego
1149, Martin, Greg
1150, Martin, Harold W.
1151, Martin, James B.
1152, Martin, Ryan R.
1153, Martinez, Conrado
1154, Mart&iacute;nez, Fabio Enrique Brochero
1155, Martinjak, Ivica
1156, Martinsson, Anders
1157, Mas&aacute;kov&aacute;, Zuzana
1158, Masubuchi, H.
1159, Masuda, Ariane M.
1160, Matolcsi, M.
1161, Matsuda, Kazuhide
1162, Matsuki, Norichika
1163, Mattarei, Sandro
1164, Mattes, Connor
1165, Matthews, Gretchen L.
1166, Matveev, Andrey O.
1167, Maureso, Montserrat
1168, Mauro, David W.
1169, Mayers, Nicholas W.
1170, Mayle, Jacob
1171, Mays, Michael E.
1172, Mazhouda, Kamel
1173, Mazumdar, Eshita
1174, Mazur, Marcin
1175, Mbarki, Khadija
1176, Mbirika, aBa
1177, McAllister, Tyrrell B.
1178, McAnally, Nathan
1179, McCarthy, Dermot
1180, McCarty, Viola
1181, McCurdy, Sarah K.
1182, McDonald, Alex
1183, McDonald, Brian
1184, McDonald, Daniel C.
1185, McGaughlin, James
1186, McGown, Kevin J.
1187, Mcharo, Solomon
1188, McIntosh, Richard J.
1189, McKay, Ghislain
1190, McKay, Neil A.
1191, McKenzie, Pierre
1192, Mc Laughlin, James
1193, McNew, Nathan
1194, Meadows, Alex
1195, Medina, Luis A.
1196, Meehan, Sean
1197, Meek, Tommy
1198, Meemark, Yotsanan
1199, Mehdizadeh, Marzieh
1200, Mei, Shu-Yuan
1201, Mekkaoui, Mohammed
1202, Meleshko, Joseph
1203, Melham, R. S.
1204, Melles, Caroline
1205, Menard, Jed
1206, Mennen, Carminda M.
1207, Mercer, Idris
1208, Merikoski, Jorma K.
1209, Merlini, Donatella
1210, Mertens, Michael H.
1211, Mesdal, G. A.
1212, Meyerowitz, Aaron
1213, Mez&#337;, Istv&aacute;n
1214, Mhanna, Antoine
1215, Miao, Rong
1216, Micek, Piotr
1217, Michael, T. S.
1218, Mihoubi, Miloud
1219, Miller, Joe
1220, Miller, Steven J.
1221, Milley, Rebecca
1222, Mills, Donald
1223, Minter, M.
1224, Mintos, Alexia S.
1225, Mishra, Bhawesh
1226, Mistri, Raj Kumar
1227, Mitchell, Patrick
1228, Miyadera, Ryohei
1229, Mizuhara, Matthew S.
1230, Moen, Courtney
1231, Moffie, Micha
1232, Moghaddamfar, A. R.
1233, Mohammadi, Ali
1234, Mohammed, Mohamud
1235, Mohsenipour, Shahram
1236, Moll, Victor H.
1237, Molla, Md Ibrahim
1238, Molnar-Saska, Ildiko
1239, Momihara, Koji
1240, Moncel, Julien
1241, Mondal, Santanu
1242, Monks, Keenan
1243, Mono, Andreas
1244, Monopoli, Francesco
1245, Montejano, Amanda
1246, Moody, Dustin
1247, Moore, Phil
1248, Morales, Marina C.
1249, More, Yogesh
1250, Moree, Pieter
1251, Morgan, Hannah
1252, Morgenbesser, Johannes F.
1253, Mori, Katsuya
1254, Morier-Genoud, Sophie
1255, Moriya, B. K.
1256, Morrill, Thomas
1257, Morrison, Robert
1258, Moscariello, Alessio
1259, Moses, Peter J. C.
1260, Mosley, William Colin
1261, Moyer, Tatiana
1262, Mukherjee, Antara
1263, Mukherjee, Sajal Kumar
1264, Mullen, Todd
1265, Muller, Tom
1266, Munagi, Augustine O.
1267, Munarini, Emanuele
1268, Munday, Sara
1269, M&uuml;nkel, Florian
1270, Murru, Nadir
1271, Muskat, Joseph B.
1272, Mutafchiev, Ljuben
1273, M&uuml;yesser, Alp
1274, Myers, Kellen
1275, Nadeau, Philippe
1276, Nagy, G&aacute;bor V.
1277, Naika, M. S. Mahadeva
1278, Naimi, Ramin
1279, Nakamura, Shunsuke
1280, Nakano, Fumihiko
1281, akaya, Yushi
1282, Namboothiri, K Vishnu
1283, Nanoti, Saraswati
1284, Nansoko, Souleymane
1285, Narayan, Darren A.
1286, Narayanan, Shyam
1287, Nash, Lexi
1288, Naslund, Eric
1289, Natalini, Pierpaolo
1290, Nataraj, Karthik
1291, Nath, Rishi
1292, Nathanson, Melvyn B.
1293, Ndong, Florent Nguema
1294, Nedela, Roman
1295, Nedev, Zhivko
1296, N&eacute;meth, L&aacute;szl&oacute;
1297, Ne&#353;et&#345;il, Jaroslav
1298, Neto, Jo&atilde;o Pedro
1299, Neuhauser, Markus
1300, Nevans, C. Wesley
1301, Newman, David
1302, Nkonkobe, Sithembele
1303, Nguyen, Hieu D.
1304, Nguyen, Hoi H.
1305, Nicholson, John W.
1306, Nicolae, Florin
1307, Nicolas, Jean-Louis
1308, Niederhausen, Heinrich
1309, Nielsen, Pace P.
1310, Nienborg, Hauke
1311, Nitica, Viorel
1312, Niu, Chuan-Ze
1313, Noble, Matt
1314, Noll, Jenna
1315, Normenyo, Benedict Vasco
1316, Nowakowski, Richard J.
1317, Ntienjem, Eb&eacute;n&eacute;zer
1318, Nugent, Brian
1319, Nuida, Koji
1320, Nu'Man, Anisah
1321, Nyandwi, S.
1322, Obando, Rodrigo A.
1323, O'Bryant, Kevin
1324, O'Dorney, Evan
1325, Offner, David
1326, Ohno, Yasuo
1327, Ohtsuka, Hideyuki
1328, Ohyama, Hiroshi
1329, Ojah, Kanan Kumari
1330, O'Kuhn, Cooper
1331, Olafson, Hailey
1332, liveira e Silva, Tom&aacute;s
1333, Oller-Marc&eacute;n, Antonio M.
1334, Olson, Jeffrey S.
1335, Omar, Mohamed
1336, &Ouml;m&uuml;r, Ne&#x15F;e
1337, O'Neill, Christopher
1338, Ong, Darren C.
1339, Ono, Ken
1340, Orosz, Brooke
1341, Osburn, Robert
1342, O'Shea, Edwin
1343, O'Sullivan, Cathal
1344, O'Sullivan, Cormac
1345, Otmani, Yassine
1346, Ottaway, Paul
1347, Ouellet, Vincent
1348, Ovsienko, Valentin
1349, Owens, C. S.
1350, Oyono, Roger
1351, Ozen, Mustafa
1352, P., Akhilesh
1353, Pach, P&eacute;ter P&aacute;l
1354, Paix&#227;o, Jo&#227;o
1355, Pakianathan, Jonathan
1356, Pakovich, F.
1357, Palka, Ryszard
1358, Palmer, Joseph
1359, Palsson, Eyvindur Ari
1360, Pan, Hao
1361, Pan, Minghao
1362, Pan, Yanbin
1363, Panario, Daniel
1364, Panda, Gopal Krishna
1365, Pandey, Mayank
1366, Pandey, Mohan
1367, Pandey, Prem Prakash
1368, Pandey, Ram Krishna
1369, Panholzer, Alois
1370, Parenti, Salvatore
1371, Paris, Richard B.
1372, Park, Andrew
1373, Park, Poo-Sung
1374, Park, Poo-Sung
1375, Parreau, Aline
1376, Parrish, Joseph
1377, Parshall, Hans
1378, Passant, Jonathan
1379, Patel, Bijan Kumar
1380, Paterson, Mike
1381, Patkowski, Alexander E.
1382, Patra, Asim
1383, Patra, Kamal Lochan
1384, Patra, Sourav Kanti
1385, Patrick, Matthew
1386, Patry, Miriam
1387, Pattanayak, S. K.
1388, Patterson, D.
1389, Paudel, Bishnu
1390, Paul, Krishnendu
1391, Paul, Michael D.
1392, Paul, Prabal
1393, Paul, Shameek
1394, Paule, Peter
1395, Pegado, Sean
1396, Pehlivan, Lerna
1397, Peilloux, Alexis
1398, Pejkovi&cacute;, Tomislav
1399, Pelantov&aacute;, Edita
1400, Peng, Jiangtao
1401, Peng, Junyao
1402, Penland, Andrew
1403, Penman, David
1404, Penniston, David
1405, Pensyl, Thomas W.
1406, Perlmutter, Norman Lewis
1407, Petersen, T. Kyle
1408, Peterson, Carsten
1409, Peth&#337;, Attila
1410, Petrenko, B. V.
1411, Petricevic, Vinko
1412, Petrossian, Armen
1413, Pham, Nhung
1414, Pham, Thang
1415, Philippe, Fabrice
1416, Phillips, David
1417, Phillips, Reed
1418, Phillips, Tristan
1419, Piddle, Melissa
1420, Pigno, Vincent
1421, Pigott, Brian
1422, Pihko, J.
1423, Pikhurko, Oleg
1424, Pilehrood, Khodabakhsh Hessami
1425, Pilehrood, Tatiana Hessami
1426, Pillichshammer, Fridrich
1427, Pineda-Villavicencio, Guillermo
1428, Pinner, Christopher
1429, Pirsic, Gottlieb
1430, Pita-Ruiz, Claudio
1431, Plagne, Alain
1432, Plambeck, Thane E.
1433, Planat, Michel
1434, Plankis, Tomas
1435, Platt, David John
1436, Pleasant, Kendra
1437, Plick, Thomas A.
1438, Pluh&aacute;r, Andr&aacute;s
1439, Poelstra, Andrew
1440, Pohoata, Cosmin
1441, Polasub, Mickey
1442, Pollack, Paul
1443, Pollicott, Mark
1444, Pomales, Luisiany
1445, Pomerance, Carl
1446, Pong, Wai Yan
1447, Pongsriiam, Prapanpong
1448, Ponomarenko, Vadim
1449, Ponton, Lionel
1450, Prakash, Gyan
1451, Prakash, Om
1452, Prasad, Devendra
1453, Prasad, K. V.
1454, Prasad, M.
1455, Pratt, Kyle
1456, Preece, D.A.
1457, Prikhod'ko, Alexander
1458, Pritikin, Dan
1459, Prodinger, Helmut
1460, Propp, James
1461, Puchta, J. -C.
1462, Pudwell, Lara
1463, Punyani, Pooja
1464, Purdum, David
1465, Pyle, E. E.
1466, Qi, Feng
1467, Qi, Wei-Wei
1468, Qian, Jianguo
1469, Qu, Yongke
1470, Quaintance, Jocelyn
1471, Radder, Jeanne
1472, Radoi&#269;i&#263;, Rado&#353;
1473, Radziejewska, Miros&#322;awa
1474, Rafilipojaona, Fanasina
1475, Raghu, Anand
1476, Rajkhowa, Shraddha
1477, Rakotondrajao, Fanja
1478, Ramakrishana, B.
1479, Ramar&eacute;, O.
1480, Ramharter, G.
1481, Ram&iacute;rex Alfons&iacute;n, J.L.
1482, Ram&iacute;rez, Jos&eacute; L.
1483, Rampersad, Narad
1484, Rana, Meenakshi
1485, Randriam, Hugues
1486, Randrianantenaina, Jean Lucien
1487, Rankin, Stuart A.
1488, Rasmussen, Peter Michael Reichstein
1489, Rath, Purusottam
1490, Rathie, Arjun K.
1491, Rattanamoong, Jittinart
1492, R&auml;ty, Eero
1493, Ray, Chiranjit
1494, Ray, Prasanta Kumar
1495, Rayaguru, Sai Gopal
1496, Rechkin, Rebecca
1497, Reddy, A. Satyanarayana
1498, Regev, Alon
1499, Rehberg, Sophie
1500, Rehm, Hunter
1501, Rehmert, Jonathan
1502, Reinholz, Lindsey
1503, Reis, Rog&eacute;rio
1504, Reiter, Harold
1505, Remmel, Jeffrey
1506, Renault, Gabriel
1507, Reutenauer, Christophe
1508, Revuelta, M.P.
1509, Rezig, Boualam
1510, Rho, Yoomi
1511, Rhoades, Robert C
1512, Rhodes, Devon
1513, Riasat, Samin
1514, Ribenboim, Paulo
1515, Ribas, S&aacute;vio
1516, Rib&oacute;, Ares
1517, Ricci, Paolo Emilio
1518, Rice, Alex
1519, Rice, Brian
1520, Richardson, Thomas M.
1521, Richman, David Harry
1522, Richman, David Ross
1523, Richmond, Bruce
1524, Richomme, Gwen&auml;el
1525, Rigo, Michel
1526, Riley, Katherine
1527, Rinaldi, Simone
1528, Rivera, Luis Manuel
1529, Robbins, Neville
1530, Robert, Gerardo Gon&aacute;lez
1531, Robertson, Aaron
1532, Robertson, Leanne
1533, Robinson, Jr., E. Arthur
1534, Robinson, Luc
1535, Robinson, Rhett S.
1536, Roche, James R.
1537, Roche-Newton, Oliver
1538, R&oslash;dseth, &Oslash;ystein J.
1539, Roettger, E. L.
1540, Rosema, S. W.
1541, Ross, John
1542, Rote, G&uuml;nter
1543, Rouse, Jeremy
1544, Rout, S. S.
1545, Rowell, Michael
1546, Rowland, Eric S.
1547, Rowley, Fred
1548, Roy, Bidisha
1549, Rozier, Olivier
1550, Rubinstein, Michael O.
1551, Ruci&nacute;ski, Andrzej
1552, Rudnev, M.
1553, Rudzinski, James
1554, Ru&eacute;, Juanjo
1555, Rushall, Jeff
1556, Ruzsa, Imre
1557, Ryan, Richard F.
1558, Rybnikov, Konstantin
1559, Saba, Nabiha
1560, Sabo, Dusty
1561, Sadahiro, Taizo
1562, Sagan, Bruce E.
1563, Sahasrabudhe, Julian
1564, Sahay, Anurag
1565, &#x15E;ahin, Adem
1566, Sahin, Murat
1567, Sahoo, Binod Kumar
1568, Sahs, Marvin L.
1569, Saikia, Anupam
1570, Saikia, Nipen
1571, Saikia, P.K.
1572, Sakai, Yuho
1573, Salerno, Adriana
1574, Salvi, Norma Zagaglia
1575, Samidoost, Payam
1576, Sander, J.W.
1577, Sander, T.
1578, S&aacute;ndor, Csaba
1579, S&aacute;ndor, J&oacute;zsef
1580, Sanna, Carlo
1581, antiago-Calder&oacute;n, Carlos F.
1582, Santini, Stefano
1583, Santos, Jos&eacute; Pl&iacute;nio O.
1584, Sarkar, Santanu
1585, Sarkar, Subha
1586, S&aacute;rk&ouml;zy, Andra&aacute;s
1587, Sankaranarayanan, Ayyadurai
1588, Sarma, Ritumoni
1589, Sarmah, Bipul Kumar
1590, Sastry, K.R.S.
1591, Sato, Hirotaka
1592, Saunders, J. C.
1593, Savage, Carla D.
1594, Savchev, Svetoslav
1595, Schaal, Daniel
1596, Scharaschkin, Victor
1597, Schlage-Puchta, Jan-Christoph
1598, Schlatter, Mark
1599, Schmid, Wolfgang A.
1600, Schmid, Wolfgang Ch.
1601, Schmidt, Karl Michael
1602, Schmidt, Matthew
1603, Schmidt, Maxie Dion
1604, Schmitt, John R.
1605, Schnabel, Ofir
1606, Schneider, Carsten
1607, Schneider, Robert
1608, Schonbek, Tomas
1609, Schoen, Tomasz
1610, Schramm, Wolfgang
1611, Schulman, Michael
1612, Schumacher, Paul R. F.
1613, Schurman, Iman
1614, Schuyler, Adam
1615, Schwab, Emil Daniel
1616, Schwab, Gabriela
1617, Schweiger, Fritz
1618, Schymura, Matthias
1619, Scott, Reese
1620, Seaberg, Laura
1621, S&eacute;&eacute;bold, Patrice
1622, Seki, Shin-ichiro
1623, Selfridge, John
1624, Selinger, Peter
1625, Seller, Summer
1626, Sellers, James A.
1627, Sengupta, Sayak
1628, Sen Gupta, Sourav
1629, Senger, Steven
1630, Sepanski, Benjamin
1631, Seraj, Samer
1632, Serbenyuk, Symon
1633, Sereni, Jean-S&eacute;bastien
1634, Serra, Oriol
1635, Sertba&#351;, Do&#287;a Can
1636, Setyadi, Alison
1637, Severini, Simone
1638, Shaikh, Md. Moid
1639, Shallit, Jeffrey
1640, Shaman, Paul
1641, Shankar, Ajeet
1642, Shankman, Daniel
1643, Shannon, S. R.
1644, Shao, Lily
1645, Shapiro, Daniel B.
1646, Shapiro, Louis W.
1647, Shapiro, S. David
1648, Shar, Nathaniel
1649, Sharma, Aaditya
1650, Shi, Sanying
1651, Shi, Xiao-Ting
1652, Shim, Peter C.
1653, Shiu, Peter
1654, Shkredov, Ilya D.
1655, Shonhiwa, Temba
1656, Shoukry, K.
1657, Shparlinski, Igor E.
1658, Shattuck, Mark
1659, Sheard, Michael
1660, Shelton, Kennan
1661, Sheikh, Numan
1662, Shekatkar, Snehal M.
1663, Shen, Chun-Yen
1664, Shen, Karen
1665, Shevelev, Vladimir
1666, Siavashi, Sahar
1667, Sicherman, George
1668, Sidorov, Nikita
1669, Sieben, N&aacute;ndor
1670, Siegel, Aaron N.
1671, Siegel, Anne
1672, Siktar, Joshua M.
1673, Sills, Andrew V.
1674, Silva, Elaine
1675, Silva, Jorge Nuno
1676, Simay, Greg
1677, Simbaqueba, Lina Maria
1678, Simonelli, Italo
1679, Simpson, Jamie
1680, Sing, Bernd
1681, Singh, Mritunjay Kumar
1682, Singh, Rajesh P.
1683, Singh, Satyanand
1684, Singhal, Deepesh
1685, Singthongla, P.
1686, Sinha, Nilotpal Kanti
1687, S&icirc;nt&#x00103;m&#x00103;rian, Alina
1688, Sirvent, V&iacute;ctor F.
1689, Sissokho, Papa A.
1690, Sittinger, Brian D.
1691, Sivek, Gary
1692, Sj&ouml;strand, Jonas
1693, Ska&lstrok;ba, Mariusz
1694, Skerritt, Matthew
1695, Skogman, Howard
1696, Skordev, G.
1697, Skula, Ladislav
1698, Skyers, Marina
1699, Slavin, Keith R.
1700, Sledd, Levi
1701, Slezeviciene-Steuding, Rasa
1702, Sloane, N. J. A.
1703, S&#322;ota, Damian
1704, Small, Ben
1705, Smati, A.
1706, Smith, Furman
1707, Smith, Michael
1708, Smith, William W.
1709, Smyth, Chris
1710, Snevily, Hunter
1711, Snider, Lauren
1712, Sofo, Anthony
1713, Solan, Ikhalfani
1714, Sol&eacute;, Patrick
1715, Solymosi, J.
1716, Somer, Lawrence
1717, Somu, Sai Teja
1718, Sondow, Jonathan
1719, Song, Kyunghwan
1720, Sorenson, Jonathan P.
1721, Sorli, Ronald
1722, Souza, Victor
1723, Spearman, Blair K.
1724, Specker, Ernst
1725, Spencer, Craig
1726, Spencer, Craig V.
1727, Sperber, Steven
1728, Spiegel, Christoph
1729, Spiegelhalter, Paul
1730, Spiegelhofer, Lukas
1731, Spier, Thom&aacute;s Jung
1732, Spindler, Mark
1733, Spivey, Michael Z.
1734, Sprugnoli, Renzo
1735, Sprunger, Carsten
1736, Sridharan, Manu
1737, Srilakshmi, K.
1738, Srinivasan, Anitha
1739, Sriram, S.
1740, Srivastava, Anshika
1741, Stahl, Aryn
1742, Stamp, Mark
1743, Stanchescu, Yonutz V.
1744, Stanger, Adrian Dan
1745, St&#259;nic&#259;, Pantelimon
1746, Stankewicz, James
1747, Stanton, Caitlin
1748, Staps, Merlijn
1749, Stack, Jason
1750, Stein, Alan H.
1751, Stein, Martin
1752, Steinberger, John
1753, Steiner, Wolfgang
1754, Steinerberger, Stefan
1755, Stender, Matthew
1756, Steuding, J&ouml;rn
1757, Stevens, Brett
1758, Stewart, Fraser
1759, Stipulanti, Manon
1760, Stocker, Christopher
1761, Stoiciu, Mihai
1762, Stoll, Peter
1763, Stoll, Thomas
1764, Stones, Rebecca J.
1765, Stopple, Jeffrey
1766, Straub, Armin
1767, Strauch, Oto
1768, Strauss, Dona
1769, Strimling, Pontus
1770, Stromquist, Walter
1771, Strzebonski, Adam
1772, Stumpf, Pascal
1773, Styer, Robert
1774, Subramaniam, Dipika
1775, Suda, Sho
1776, Suh, Hong
1777, Sukruan, Lalitphat
1778, Sullivan, Blair D.
1779, Sullivan, Rosemary
1780, Sullivan, Shaun
1781, Sun, Liang
1782, Sun, Xinjie
1783, Sun, Xinyu
1784, Yewen, Sun
1785, Sun, Zhi-Wei
1786, Sundberg, Eric
1787, Surahmat
1788, Sury, B.
1789, Swisher, Holly
1790, Szab&oacute, Csaba
1791, Szab&oacute;, S&aacute;ndor
1792, Szalay, L&aacute;szl&oacute;
1793, T, Harishkumar
1794, Ta, Ha
1795, Tachiya, Yohei
1796, Tada, Masato
1797, Tagami, Makoto
1798, Tahay, Pierre-Adrien
1799, Tajbakhsh, H.
1800, Takalani, Ntendeni A.
1801, Takeda, Wataru
1802, Talbot, John
1803, Tall, Amadou
1804, Tan, Elif
1805, Tan, Eng-Tjioe
1806, Tan, Xin Lu
1807, Tait, Michael
1808, Tanabe, Naomi
1809, Tang, Chi-Wu
1810, Tang, Dazhao
1811, Tang, Hengcai
1812, Tang, Min
1813, Tang, Tai-Man
1814, Tanimoto, Shinji
1815, Tanny, Yuval
1816, Tarnu, Daniel
1817, Tauraso, Roberto
1818, Taylor, Clifford
1819, Tchammou, Euloge
1820, Tebon, Suzannah
1821, Tedford, Steven J.
1822, Tefera, Akalu
1823, Temple, Kathryn E.
1824, Teng, Shang-Hua
1825, Tennenhouse, Craig
1826, Tenner, Bridget Eileen
1827, te Riele, Herman
1828, Te&#351;eleanu, George
1829, Thangadurai, R.
1830, Thiel, Johann
1831, Thomas, Neha Elizabeth
1832, Thompson, Katherine
1833, Thompson, Kimberly
1834, Thompson, Lola
1835, Thorne, Frank
1836, Thornton, DJ
1837, Thuswaldner, J&ouml;rg
1838, Tiachachat, Meriem
1839, Tian, Peter
1840, Tichenor, Todd
1841, Tiefenbruck, Mark
1842, Tijdeman, Robert
1843, Timmons, Craig
1844, Togb&eacute;, Alain
1845, Toh, Pee Choon
1846, Tokaz, Jacent
1847, Tollisen, Gregory
1848, Tomasko, Jessica A.
1849, Tomkins, Hayley
1850, Tomovski, Zivorad
1851, Tongsomporn, Janyarak
1852, Tonien, Joseph
1853, Top, Jaap
1854, Tor, Kimsy
1855, Torf, Jordan N.
1856, Tossavainen, Timo
1857, T&oacute;th, L&aacute;szl&oacute;
1858, Travis, Jennifer
1859, Trenton, M. A.
1860, Trevi&ntilde;o, Enrique
1861, Triantafillou, Nicholas George
1862, Trifonov, Ognian
1863, Tringali, Salvatore
1864, Trinh, Minh-Tam
1865, Tripathi, Amitabha
1866, Tripathy, Bibhu Prasad
1867, Trudgian, Tim
1868, Trujillo, Timothy
1869, Trukszyn, Zdzislaw
1870, Tsai, Daniel
1871, Tsegaye, Bineyam
1872, Tseng, Dennis
1873, Tsumura, Yu
1874, Tucker, Amanda
1875, Tung, Katherine
1876, Turnage-Butterbaugh, Caroline
1877, Ueckerdt, Torsten
1878, Ulas, Maciej
1879, Uncini, Francesca
1880, Urbanski, Michael T.
1881, Urick, Jim
1882, Urroz, Jorge Jim&eacute;nez
1883, Ushiroya, Noboru
1884, Valli&egrave;res, Daniel
1885, Van Alstine, James
1886, Van Alten, Clint
1887, van der Kamp, Peter H.
1888, Vandehey, Joseph
1889, Vanegas, Elkin Quintero
1890, Vanlalngaia, Ramdinmawia
1891, Van Peski, Roger
1892, Vary, Robert G.
1893, Vassilev, Tzvetalin S.
1894, Veeranna, Y.
1895, Veeranayaka, T. N.
1896, Velich, Jordan
1897, Velk&aacute;, Tereza
1898, Vella, David C.
1899, Verbitsky, Oleg
1900, Verger-Gaugry, Jean-Louis
1901, Vergne, Mich&egrave;le
1902, Verreault, William
1903, Verri, M. Cecilia
1904, Vieira, Renata Passos Machado
1905, Vijay, Sujith
1906, Villacorta, Jorge Luis Cimadevilla
1907, Vinagre, Sandra
1908, Vincent, Andrew
1909, Vinh, Le Anh
1910, Vipismakul, Wasin
1911, Vishwakarma, Chandan Kumar
1912, Viswanadham, G. K.
1913, Vo, Anh
1914, Volkert, Klaus
1915, Voloch, Felipe Jos&eacute;
1916, von Heymann, Frederik
1917, Voss, K.
1918, Vu, V. H.
1919, Vu, Yen Nhi Truong
1920, Vukusic, Ingrid
1921, Vyalyi, Michael
1922, Vyncke, Pieter
1923, Wage, Nicholas
1924, Wagner, Joshua
1925, Wagon, Stan
1926, Wagstaff, S. S., Jr.
1927, Wahlenmayer, Catherine
1928, Wakefield, Thomas P.
1929, Wakeham, David
1930, Wakhare, Tanay
1931, Walsh, Alexandra
1932, Walsh, P. G.
1933, Walsh, Steven
1934, Walters, Nathan
1935, Wan, James
1936, Wananiyakul, Saeree
1937, Wang, Chen-Ying
1938, Wang, Chunlin
1939, Wang, Dan
1940, Wang, Guoqing
1941, Wang, Haiqing
1942, Wang, Hua
1943, Wang, Jun
1944, Wang, Linlin
1945, Wang, Liuquan
1946, Wang, Qiang
1947, Wang, Qinghong
1948, Wang, Tianming
1949, Wang, Wei
1950, Wang, Wenjie
1951, Wang, Yan
1952, Wang, Xiaoxia
1953, Wang, Xiaoyuan
1954, Wang, Yichen
1955, Wang, Zhaonan
1956, Wanner, Mathias
1957, Ward, Mark Daniel
1958, Warnberg, Nathan
1959, Warnick, Merrill
1960, Warren, Audie
1961, W&auml;stlund, Johan
1962, Watling, Neil
1963, Watson, Lori D.
1964, Waxweiler, Laurent
1965, Weba, Michael
1966, Webster, Jonathan
1967, Wei, Chuanan
1968, Wei, Linli
1969, Wei, Wandi
1970, Wei, Yi
1971, Weiner, Michael D.
1972, Weingartner, Andreas
1973, Weinstein, Madeleine
1974, Weitzer, Mario
1975, Wells, Matthew
1976, Weselcouch, Michael
1977, White, Daniel
1978, White, Susan Calcote
1979, Wiechert, Veit
1980, Wildstrom, D. Jacob
1981, Wilf, Herbert S.
1982, Willette, Michael
1983, Williams, H. C.
1984, Williams, Kenneth S.
1985, Wilson, Bryan
1986, Winkler, Peter
1987, Winterhof, Arne
1988, Withrow, Camron
1989, Witno, Amin
1990, Witu&#322;a, Roman
1991, Klaudiusz W&oacute;jcik, Klaudiusz
1992, Wolfe, David
1993, Wolird, Christian
1994, Woltman, George
1995, Wong, Erick B.
1996, Wong, Tian An
1997, Wong, Tony W. H.
1998, Wood, David R.
1999, Wood, Philip Matchett
2000, Woodford, Roger
2001, Woodson, Leon C.
2002, Wright, Thomas
2003, Wu, Chai Wah
2004, Xia, Xiang-Gen
2005, Xia, Xingwu
2006, Xu, Ping
2007, Xue, Hui
2008, Yalman, Demet
2009, Yamada, Tomohiro
2010, Yamagami, Atsushi
2011, Yamaguchi, Naoya
2012, Yamaguchi, Yuka
2013, Yamamoto, Shuji
2014, Catherine Yan
2015, Yan, Lu
2016, Yang, Dan-Mei
2017, Yang, Mingjia
2018, Yang, Qianqian
2019, Yang, Qiduan
2020, Yang, Quan-Hui
2021, Yang, Shichun
2022, Yankov, Christian L.
2023, Yao, Jialing
2024, Yassawi, Reem
2025, Yayenie, Omer
2026, Ye, Dongxi
2027, Ye, Lynnelle
2028, Yee, Ae Ja
2029, Yeroshkin, Dmytro
2030, Yildirim, C. Y.
2031, Yip, Chi Hoi
2032, Yiu, Paul
2033, Yokura, Shoji
2034, Yoshino, Kiyoto
2035, Young, Michael
2036, Young, Paul Thomas
2037, Yu, Gang
2038, Yu, Jing-Jun
2039, Yu, Wen
2040, Yuan, Pingzhi
2041, Yuan, Xueying
2042, Yue, Heng
2043, Zaharescu, Alexandru
2044, Zaleski, Anthony
2045, Zamboni, Luca Q.
2046, Zargar, Arman Shamsi
2047, Zbacnik, Nathaniel
2048, Zeilberger, Doron
2049, Zeleke, Aklilu
2050, Zeleke, Melkamu
2051, Zelinsky, Joshua
2052, Zemor, Gilles
2053, Zemyan, Stephen M.
2054, Zeng, Jiang
2055, Zeng, Tony
2056, Zeng, Xiangneng
2057, Zhan, Tong
2058, Zhang, Min
2059, Zhang, Philip B.
2060, Zhang, Shaohua
2061, Zhang, Wentao
2062, Zhang, Yanbo
2063, Zhang, Yong
2064, Zhang, Zhizheng
2065, Zhang, Zhongfeng
2066, Zhao, Alina F. Y.
2067, Zhao, Feng-Zhen
2068, Zhao, Jianqiang
2069, Zhao, Kanglun
2070, Zhao, Kevin
2071, Zhao, Liangyi
2072, Zheng, Jinze
2073, Zheng, Qi-Yang
2074, Zhong, Qinghai
2075, Zhou, Qizhi
2076, Zhao, Rosie Y.
2077, Zhou, Weiyi
2078, Zhou, Zhi-Jun
2079, Zhu, Long
2080, Zhu, Yuyang
2081, Zhuang, Yan
2082, Ziegler, Volker
2083, Zielinski, Ryan
2084, Zinnel, Laura
2085, Zou, Aiyue
