   0, Abbasi, Sarmad
   1, Abderrezzak, Abdelhamid
   2, Abrate, Marco
   3, Abuku, Tomoaki
   4, Adam, David
   5, Adamczewski, Kamil
   6, Adegoke, Kunle
   7, Adelberg, Arnold
   8, Adell, José A.
   9, Adeniran, Ayomikun
  10, Adiga, Chandrashekar
  11, Adolphson, Alan
  12, Aebi, Christian
  13, Agoh, Takashi
  14, Agustín-Aquino, Octavio A.
  15, Ahmed, Tanbir
  16, Ahmia, Moussa
  17, Ait-Amrane, Lyes
  18, Aiylam, Dhroova
  19, Akbary, Amir
  20, Akhtar, Reza
  21, Akopyan, Arseniy
  22, Akula, Aditya
  23, Aküzüm, Yeşim
  24, Alaca, Ayşe
  25, Alaca, Şaban
  26, Alanazi, Abdulaziz M.
  27, Alanazi, Jamilah
  28, Albert, Michael H.
  29, Alekseyev, Max A.
  30, Alexeev, Boris
  31, Alhakim, Abbas
  32, Ali, Debbache
  33, Alkan, Emre
  34, Allen, Edward E.
  35, Allen, M. R.
  36, Allouche, J.-P.
  37, Alm, Jeremy F.
  38, Alon, Noga
  39, Alpert, Hannah
  40, Altman, Harry
  41, Alvarado, Saúl Díaz
  42, Alvarez-Salazar, Elise
  43, Alves, Francisco Regis Vieira
  44, Alweiss, Ryan
  45, Alzer, Horst
  46, Amato, Roberto
  47, Ambrose, Christopher
  48, Amdeberhan, Tewodros
  49, Amirkhanyan, Gagik
  50, Ammons, Savana
  51, Amos, Jeff
  52, Andersen, A.S.
  53, Anderson, Ian
  54, Andrade, Julio C.
  55, Andrews, George E.
  56, Andrica, Dorin
  57, Angelo, Rodrigo
  58, Anglani, Roberto
  59, Anible, Emily E.
  60, Ansaldi, Katie
  61, Antony, Deepa
  62, Aoki, Miho
  63, Apagodu, Moa
  64, Apel, Geoffrey
  65, Arab, Meysam
  66, Araci, Serkan
  67, Ardal, Hayri
  68, Ardila, Rene
  69, Armbruster, Ashley
  70, Árendás, Péter
  71, Arıkan, Talha
  72, Arnoux, Pierre
  73, Arroyo, Aubin
  74, Ascaño, Joy P.
  75, Asinowski, Andrei
  76, Askgaard, Jens
  77, Asplund, John
  78, Assaf, Sami
  79, Athreya, Jayadev S.
  80, Athreya, Krishna B.
  81, Au, Yu-Hin
  82, Augspurger, C.
  83, Axenovich, Maria
  84, Axler, Christian
  85, Ayad, Mohamed
  86, Aygin, Zafer Selcuk
  87, Ayyad, Anwar
  88, Bachman, Gennady
  89, Bachoc, C.
  90, Backman, Spencer
  91, Baczkowski, Daniel
  92, Bade, Tej
  93, Baglini, Lorenzo Luperi
  94, Bai, James Haoyu
  95, Baier, Stephan
  96, Bajnok, Béla
  97, Baker, Simon
  98, Bal, Hartosh Singh
  99, Balaji, Vajresh
 100, Balaji, Vishal
 101, Balasubramanian, R.
 102, Baláži, Peter
 103, Baláž, Vladimír
 104, Baldoni, Velleda
 105, Balková, L'ubomíra
 106, Ballantine, Cristina
 107, Ballot, Christian
 108, Balog, Antal
 109, Bamunoba, Alex Samuel
 110, Bandyopadhyay, Subhajit
 111, Banerjee, Pradipto
 112, Banks, William D.
 113, Barai, Rakesh
 114, Barat, Guy
 115, Barber, Ben
 116, Barbero, Stefano
 117, Bardaji, Itziar
 118, Barequet, Gill
 119, Barger, Grace
 120, Baril, Jean-Luc
 121, Barile, Margherita
 122, Barman, Rupam
 123, Barrios, Alexander J.
 124, Bartz, Jeremiah
 125, Baruah, Nayandeep Deka
 126, Baruchel, Thomas
 127, Baskoro, E. T.
 128, Bates, Bruce
 129, Batır, N.
 130, Batra, Sanjit Singh
 131, Bayless, Jonathan
 132, Bényi, Beáta
 133, Beal, Timothy Kevin
 134, Beck, George
 135, Beck, Matthias
 136, Beckwith, Olivia
 137, Beeler, Robert A.
 138, Behloul, Djilali
 139, Behum, Sharon E.
 140, Beideman, Calvin
 141, Belbachir, Hacène
 142, Belkhir, Amine
 143, Bell, George I.
 144, Bencherif, Farid
 145, Bencs, Ferenc
 146, Benesh, Bret
 147, Benjamin, Arthur T.
 148, Bennett, Michael A.
 149, Benyahia Tani, Nesrine
 150, Bényi, Beáta
 151, Berkove, Ethan
 152, Berline, Nicole
 153, Bersani, Alberto Maria
 154, Berthé, Valérie
 155, Bertrand-Mathis, Anne
 156, Best, Andrew
 157, Beste, Meeri-Liisa
 158, Bevilacqua, Erin
 159, Bhanja, Jagannath
 160, Bhatnagar, Gaurav
 161, Shattacharjee, Sreerupa
 162, Bhoi, Kisan
 163, Bhowmick, Krishnendu
 164, Bhowmik, Gautami
 165, Bhuniya, A. K.
 166, Bhutani, Kiran R.
 167, Bialostocki, Arie
 168, Bibby, Sean
 169, Bidar, Mohammadreza
 170, Bierbrauer, Jurgen
 171, Binner, Damanvir Singh
 172, Birmajer, Daniel
 173, Blagouchine, Iaroslav V.
 174, Blair, D. Dakota
 175, Blair, Matthew
 176, Blanc, Lois
 177, Blanchet-Sadri, F.
 178, Blanco, Saúl A.
 179, Blanchard, Peter F.
 180, Blázsik, Zoltán L.
 181, Blecksmith, Richard
 182, Blodgett, Aaron
 183, Blokhuis, Aart
 184, Blomberg, Lars
 185, Blondel, Vincent D.
 186, Boca, Florin P.
 187, Bodor, Bertalan
 188, Bohra, Ayush
 189, Bonato, Anthony
 190, Bonde, Vedant
 191, Booker, Andrew R.
 192, Boothby, Tomas
 193, Bora, Jonali
 194, Borah, Padma Bhushan
 195, Borbély, József
 196, Bordellès, Olivier
 197, Borges, A.
 198, Boros, Endre
 199, Boruah, Bidyaut
 200, Borwein, David
 201, Borwein, Jonathan M.
 202, Bosma, Wieb
 203, Bouroubi, Sadek
 204, Bousbaa, Imad-Eddine
 205, Boussayoud, Ali
 206, Bowen, Matthew
 207, Bower, Amanda
 208, Boyadzhiev, Khristo N.
 209, Boyer, Robert P.
 210, Bradford, Kyle
 211, Bramham, Alexander
 212, Braun, Benjamin
 213, Bray, Patrick F.
 214, Brenner, Hazel N.
 215, Brent, Barry
 216, Brent, Richard
 217, Bresz, Kellie
 218, Breuer, Felix
 219, Breuer, Florian
 220, Brewbaker, Chad
 221, Bridges, Walter
 222, Brillhart, John
 223, Brindle, Benjamin
 224, Broersma, H. J.
 225, Broughan, Kevin A.
 226, Brouwer, Andries E.
 227, Brown, Jim
 228, Brown, Kenneth A.
 229, Brown, Morgan V.
 230, Brown, Ron
 231, Brown, Tom C.
 232, Brunat, Josep M.
 233, Bruno, Jorge
 234, Brunotte, Horst
 235, Bu, AJ
 236, Budden, Mark
 237, Bugeaud, Yann
 238, Buhler, Joe
 239, Bunder, Martin W.
 240, Buontempo, Jenny
 241, Burke, Kyle
 242, Burt, David
 243, Burungale, Ashay
 244, Butler, Steve
 245, Bush, Albert
 246, Buzzard, Kevin
 247, Byard, Kevin
 248, Bykova, Sofya
 249, Byramji, Farzan
 250, Bystrzycki, Rafał
 251, Byrnes, Steven
 252, Bzdȩga, Bartłomiej
 253, Caballero, José Manuel Rodríguez
 254, Cai, Tianxin
 255, Cairns, Brant
 256, Cairns, Grant
 257, Caldwell, Chris K.
 258, Calkin, Neil J.
 259, Calkins, Nicole
 260, Callan, David
 261, Campbell, Andreé Alexander
 262, Campbell, Garikai
 263, Campbell, John Maxwell
 264, Campos, Helena
 265, Candela, Pablo
 266, Canfield, E. Rodney
 267, Cao, Xue-Qin
 268, Cao, Zhu
 269, Caple, Christine
 270, Carlos, Elise
 271, Carlson, Timothy J.
 272, Caro, Yair
 273, Carpi, Arturo
 274, Carter, Jamylle
 275, Carvalho, Alda
 276, Cass, Robert
 277, Cassell, Catherine
 278, Catarino, Paula Maria Machado Cruz
 279, Catt, Elliot
 280, Caveney, Geoffrey
 281, Cégielski, Patrick
 282, Celerier, Charles
 283, Čerin, Zvonko
 284, Cerruti, Umberto
 285, Chabert, Jean-Luc
 286, Chaichana, Tuangrat
 287, Chakraborty, Aninda
 288, Chan, Heng Huat
 289, Chan, Song Heng
 290, Chan, Tsz Ho
 291, Chan, W. H.
 292, Chandler, Ray
 293, Chaney, Zachary
 294, Chang, Mei-Chu
 295, Chaopraknoi, Sureeporn
 296, Chaplick, Steven
 297, Chapman, Jeremy
 298, Chapman, Robin
 299, Chapman, Scott T.
 300, Chappelon, Jonathan
 301, Charlier, Emilie
 302, Chase, Zachary
 303, Chattopadhyay, Jaitra
 304, Chaudhary, M. P.
 305, Chebolu, Sunil K.
 306, Checa, Daniel F.
 307, Chen, Bin
 308, Chen, Fang
 309, Chen, Feng-Juan
 310, Chen, Kuo-Jye
 311, Chen, Li-Chung
 312, Chen, Shi-Chao
 313, Chen, Yong-Gao
 314, Chen, Young-Ming
 315, Chen, Yung-Pin
 316, Chen, Xi
 317, Cheng, Yin Choi
 318, Chern, Shane
 319, Cherukupally, Srikanth
 320, Cheslack-Postava, Tegan
 321, Chikin, Nikolay
 322, Chim, Kwok Chi
 323, Chintamani, Mohan N.
 324, Chinwarakorn, Sirawich
 325, Chipeniuk, Karsten
 326, Chitmung, Natthaphong
 327, Choi, Jongwoo
 328, Choi, Yunseo
 329, Choliy, Yuriy
 330, Choudhry, Ajai
 331, Christober, M. Davamani
 332, Christopher, A. David
 333, Chu, Hùng Việt
 334, Chu, Wenchang
 335, Chung, Chan-Liang
 336, Chung, Fan
 337, Chung, Matthew
 338, Chung, Ping Ngai
 339, Ciere, Michael
 340, Cilleruelo, Javier
 341, Cincotti, Alessandro
 342, Cipra, James Arthur
 343, Cipu, Mihai
 344, Clark, Lane
 345, Clark, Pete L.
 346, Clark, Steven P.
 347, Clayton, Graeme
 348, Clem, Stian
 349, Clifton, Justin
 350, Clow, A.
 351, Cobeli, Christian
 352, Cobo, Helena
 353, Cochrane, Albert
 354, Cochrane, Todd
 355, Coelho, Franscisco
 356, Cohen, Graeme L.
 357, Cohen, Joel E.
 358, Coleman, Deidra
 359, Collins, David
 360, Connolly, Samuel
 361, Coons, Michael
 362, Cooper, Benjamin
 363, Cooper, Curtis
 364, Cooper, Joshua
 365, Cooper, Shaun
 366, Coppersmith, Don
 367, Coppo, Marc-Antoine
 368, Coppola, G.
 369, Cordwell, Katherine
 370, Corrádi, Keresztély
 371, Correll, Jr., Bill
 372, Corteel, Sylvie
 373, Cosgrave, John B.
 374, Courtright, Kevin M.
 375, Cox, Danielle
 376, Crabill, Doug
 377, Crandall, Richard
 378, Crișan, Dragoș
 379, Croot, Ernie
 380, Cruz, Helena Martín
 381, Csernenszky, András
 382, Cui, Kelly
 383, Cullinan, John
 384, Culver, Clay
 385, Curran, Stephen J.
 386, Currie, James D.
 387, Curtis, Dawn
 388, Cusick, Thomas W.
 389, D., Ranganatha
 390, Dai, Haobo
 391, Dai, Li-Sia
 392, Dailly, Antoine
 393, Dajani, Karma
 394, D'Alonzo, Valerio
 395, Damir, Mohamed Taoufiq
 396, Dang, Sakshi
 397, Darling, R. W. R.
 398, Das, Shamik
 399, Das Adhikari, Sukumar
 400, Dasher, A. Suki
 401, de Castro, Dario T.
 402, da Silva, Robson
 403, Dastidar, Manosij G.
 404, Daugherty, Zajj
 405, Davenport, Dennis E.
 406, David, Chantal
 407, Davis, Donald M.
 408, Davis, Julia
 409, Davis, Robert
 410, Ddamulira, Mahadi
 411, De, Dibyendu
 412, Deaconescu, Marian
 413, Dean, Nathaniel
 414, Dearden, Bruce
 415, Debnath, Pintu
 416, Defant, Colin
 417, de Jesus, M. N.
 418, de Jonge, Jaap
 419, Dekking, Michel
 420, de Koninck, Jean-Marie
 421, De Loera, Jesús A.
 422, Demaine, Erik D.
 423, Depret-Guillaume, James S.
 424, de Reyna, J. Arias
 425, DeSalvo, Stephen
 426, de Sousa, Renata Teófilo
 427, De Wannamacker, Steve
 428, de Weger, Benne
 429, de Wiljes, Jan-Hendrik
 430, Delbourgo, Daniel
 431, Delcourt, Michelle
 432, Delorme, Charles
 433, Deng, Guixin
 434, Deng, Yingpu
 435, Derbal, Abdallah
 436, Deshouillers, Jean-Marc
 437, Deutsch, Emeric
 438, Deutsch, Jesse Ira
 439, Deveci, Ömür
 440, Devlin, Patrick
 441, DeVos, Matt
 442, Dey, Pallab Kanti
 443, Di Biagio, Lorenzo
 444, Di Claudio, Leontina Veliana
 445, Di Nasso, Mauro
 446, Dias, Cátia Lente
 447, Dick, Josef
 448, Diesl, Alexander
 449, Diffenderfer, James D.
 450, Dil, Ayhan
 451, Dilcher, Karl
 452, Diomidov, Yevhenii
 453, Disanto, Filippo
 454, Dobson, John Blythe
 455, Doering, Jessica
 456, Doerksen, Kevin
 457, Dorbec, Paul
 458, dos Santos, Carlos Pereira
 459, Dougherty-Bliss, Robert
 460, Douglas, Ian
 461, Dove, Andrew P.
 462, Doyon, Nicolas
 463, Doyle, Greg
 464, Doyon, Nicolas
 465, Drake, Nate
 466, Drema, Rinchin
 467, Dresden, Greg
 468, Drummond-Cole, Gabriel C.
 469, Du, Daniel D.
 470, Duan, Heli
 471, Duan, Shu-Juan
 472, Dubickas, Artūras
 473, Duchêne, Eric
 474, Dudek, Andrzej
 475, Dufour, Matthieu
 476, Dujella, Andrej
 477, Dukes, Peter J.
 478, Duncan, Breille
 479, Dunn, Scott M.
 480, Dupuy, Benjamin
 481, Duran, Ömer
 482, Durham, Gabriel
 483, Dutour, Mathieu
 484, Dutra, Brandon E.
 485, Dutta, Mridul
 486, Dutta, Utkal Keshari
 487, Dvoracheck, Tyler
 488, Dvořáková (born Balková), L'ubomíra
 489, Dwivedi, Himanshu Kumar
 490, Dwivedi, Srashti
 491, Dwyer, Aaron
 492, Dynes, Patrick
 493, Dziemiańczuk, M.
 494, Earnest, A. G.
 495, Eaton, Rachel
 496, Ebrahimi-Fard, Kurusch
 497, Eckard, Emily
 498, Edel, Yves
 499, Edelsbrunner, Xixi
 500, Edgar, Tom
 501, Edjeou, Bilizimbéyé
 502, Edson, Marcia
 503, Edwards, Olivai
 504, Egbert, Nick
 505, Eger, Steffen
 506, Egge, Eric S.
 507, Eichhorn, Dennis
 508, Eickemeyer, Andrew
 509, Eigen, S.
 510, Einstein, David
 511, Eitner, Justin
 512, Ekhad, Shalosh B.
 513, El Bachraoui, Mohamed
 514, El Turkey, Houssein
 515, Eldredge, Michael G.
 516, ElDin, Ramy F. Taki
 517, Elia, Marcus
 518, Eliahou, Shalom
 519, Elias, Yara
 520, Elizeche, Edgar Federico
 521, Elkhiri, Laid
 522, Ella, Sophia
 523, Elledge, Shawn
 524, Elliott, Jesse
 525, Elsner, Carsten
 526, Emadian, Elliot R.
 527, Emanuel, Paul Robert
 528, Emme, Jordan
 529, Emory, Melissa
 530, Endrullis, Jörg
 531, Engberg, Zebediah
 532, Engbers, John
 533, Epstein, Alyssa
 534, Erban, Radek
 535, Erdahl, Robert
 536, Erde, Joshua
 537, Erdős, Paul
 538, Ericksen, Larry
 539, Eriksson, Kimmo
 540, li> Ernst, Dana C.
 541, Esmaeili, Morteza
 542, Eustis, Alex
 543, Evans, Anthony B.
 544, Evans, C. D. A.
 545, Evans, Ron
 546, Evans, Tyler J.
 547, Everett, William B.
 548, Fallon, Kean
 549, Fan, Kai (Steve)
 550, Fan, Yushuang
 551, Fang, Jin-Hui
 552, Fares, Youssef
 553, Farhadian, Reza
 554, Farhangi, Sohail
 555, Farhi, Bakir
 556, Farrokhi D. G., Mohammad
 557, Faure, Henri
 558, Faye, Bernadette
 559, Fel, Leonid G.
 560, Fellman, Tasha
 561, Fellman, Todd
 562, Feng, Cong-Jiao
 563, Feng, Li
 564, Ferland, Matthew
 565, Fernando, Neranga
 566, Ferrari, Luca
 567, Ferrari, Matteo
 568, Fickes, Grant
 569, Fidkowski, Lukasz M.
 570, Filaseta, Michael
 571, Filipovski, Slobodan
 572, Finbow, S.
 573, Finch(-Smith), Carrie
 574, Finch, Steven R.
 575, Finch-Smith, Carrie
 576, Fink, Alex
 577, Firicel, Alina
 578, Fish, Sara
 579, Fisher, Michael
 580, Fitzgerald, Robert W.
 581, Fletcher, Peter
 582, Flórez, Jorge
 583, Flórez, Rigoberto
 584, Flórez, Rigoberto
 585, Flori, Jean-Pierre
 586, Florian, Josef
 587, Flowers, Timothy B.
 588, Foo, Timothy
 589, Ford, Kevin
 590, Fox, Jacob
 591, Fox, N. Bradley
 592, Fox, Nathan
 593, Fraenkel, Aviezri S.
 594, France, M. Mendès
 595, Francis, Forrest J.
 596, Franke, Johann
 597, Franzone, Katherine
 598, Fraser, William
 599, Freedman, Allen R.
 600, Freeman, John M.
 601, Fried, Katalin
 602, Friedman, Eric J.
 603, Freiling, Chris
 604, Freiman, Gregory A.
 605, Freitas, Gérsica
 606, Friedlander, John B.
 607, Frigeri, Achille
 608, Frontczak, Robert
 609, Frougny, Christiane
 610, Fu, Shishuo
 611, Fuchs, Clemens
 612, Fujisawa, Yusuke
 613, Fukui, Masanori
 614, Gaebler, David
 615, Gaebler, Robert
 616, Gabor, Zachary
 617, Gaede, Tao
 618, Gaiser, Collier
 619, Gaitanas, Konstantinos
 620, Gallardo, Luis H.
 621, Ganzell, Sandy
 622, Gao, Alice L.L.
 623, Gao, Peng
 624, Gao, Shanzhen
 625, Gao, Weidong
 626, Gao, Zhenguang
 627, Gao, Zhicheng
 628, García, Victor Cuauhtemoc
 629, García-Pulgarín, Gilberto
 630, García-Sánchez, Pedro A.
 631, Garge, Anuradha S.
 632, Garrabrant, Scott M.
 633, Garrity, Thomas
 634, Gassert, T. Alden
 635, Gates, Zachary
 636, Gavel, Hillevi
 637, Geneson, Jesse
 638, Georgakopoulos, Agelos
 639, Georges, John P.
 640, Gerhold, Stefan
 641, Germain, Jam
 642, Geroldinger, Alfred
 643, Gessel, Ira M.
 644, Ghosh, Swapan Kumar
 645, Gianella, Gian Mario
 646, Gibbs, Philip
 647, Gibson, D. Jason
 648, Gibson, Maghann Moriah
 649, Gil, Juan B.
 650, Gilmer, J.
 651, Gimbel, Steven
 652, Ginosar, Yuval
 653, Gireesh, D. S.
 654, Giraldo, Hernán García-Pulgarín, Gilberto
 655, Girard, Benjamin
 656, Girgensohn, Roland
 657, Girstmair, Kurt
 658, Glass, Darren B
 659, Glebsky, Lev
 660, Gledel, Valentin
 661, Glenn, Jeske
 662, Glunz, Henry
 663, Gómez-Flores, Axel O.
 664, Goadrich, Mark
 665, Godbole, Anant
 666, Goddard, Bart
 667, Goddyn, Luis
 668, Godinho, Hemar
 669, Goff, Michael
 670, Goh, Marcel K.
 671, Goins, Edray Herber
 672, Goldbring, Isaac
 673, Goldstein, Eli
 674, Goldwasser, John
 675, González, Marcos J.
 676, González, Oscar E.
 677, Good, Jack
 678, Gordon, Russell A.
 679, Goswami, Sayan
 680, Gotou, Rin
 681, Goubi, Mouloud
 682, Gould, H. W.
 683, Göral, Haydar
 684, Goy, Taras
 685, Graham, Ron
 686, Grantham, Jon
 687, Gravel, Claude
 688, Graves, Hester
 689, Gray, Daniel
 690, Griggs, Jerrold R.
 691, Grinberg, Darij
 692, Groen, Steven R.
 693, Grubb, Thomas
 694, Grundman, Helen G.
 695, Grynkiewicz, David J.
 696, Grytczuk, Jarosław
 697, Gueco, Edna N.
 698, Gugg, Chadwick
 699, Guhl, Matthew
 700, Guiben, Salem
 701, Gullerud, Emily
 702, Guo, Bai-Ni
 703, Guo, Victor Z.
 704, Guo, Yu-Hong
 705, Gurvich, Vladimir
 706, Gutekunst, Samuel
 707, Guttierez, Marcela
 708, Guy, R. K.
 709, Gy, René
 710, Gyarmati, Katalin
 711, Hadj-Brahim, S.
 712, Hadjicostas, Petros
 713, Haff, L. R.
 714, Hall-Seelig, Laura L.
 715, Hamkins, Joel David
 716, Hamm, Jessica
 717, Hammer, James
 718, Han, Sandie
 719, Handley, B.
 720, Hansen, Cody
 721, Hansen, Cody S.
 722, Harborth, Heiko
 723, Harrington, Joshua
 724, Harris, Pamela E.
 725, Hasanalizade, Elchin
 726, Hassani, Mehdi
 727, Hatley, Jeffrey
 728, Haukkanen, Pentti
 729, Havens, Christopher Robin
 730, Hayward, Ryan B.
 731, Hedetniemi, Jason
 732, Hedge, Shruti
 733, Hegarty, Peter
 734, Hegedűs, Gábor
 735, Hegyvári, Norbert
 736, Heim, Bernhard
 737, Heinrich, Marc
 738, Hemmandy, Anand
 739, Henaku, Calvin
 740, Henderson, Philip
 741, Hendrickx, Julien M.
 742, Hendriks, Dimitri
 743, Hennecart, François
 744, Herden, Daniel
 745, Hermida, A.
 746, Hernández, Santos Hernández
 747, Hertlein, Alexander
 748, Herzinger, Kurt
 749, Heubach, Silvia
 750, Heuberger, Clemens
 751, Heyman, Randell
 752, Hiary, Ghaith
 753, Hicks, Jacob
 754, Higashitani, Akihiro
 755, Higgins, Zach
 756, Higuita, Robinson A.
 757, Hildebrand, A.J.
 758, Hilgart, Tobias
 759, Hiller, Josh
 760, Hindman, Neil
 761, Hine, Natalie
 762, Hines, Taylor
 763, Hirschberg, Daniel S.
 764, Hirschhorn, Michael
 765, Hirshberg, susan
 766, Hisert, George A.
 767, Ho, Nhan Bao
 768, Ho, Pak Tung
 769, Ho, Randy W.
 770, Hoffman, Michael E.
 771, Hogan, M. S.
 772, Hoit, Abigail
 773, Holdum, Sebastian Tim
 774, Holliday, Sarah H.
 775, Holshouser, Arthur
 776, Holt, Benjamin V.
 777, Hopkins, Brian
 778, Hopkins, Kimberly
 779, Horan, Victoria
 780, Horn, Paul
 781, Horrocks, David G. C.
 782, Horrocks, Jonathan H.
 783, Horvath, Gabor
 784, Hoşten, Serkan
 785, Hou, Qing-Hu
 786, Hsu, Leetsch C.
 787, Hu, Yining
 788, Hu, Yongzhong
 789, Hua, Guodong
 790, Hua, Ting
 791, Huggan, Melissa
 792, Huguet, Janitzio Mejía
 793, Hui, Chun Yin
 794, Huicochea, Mario
 795, Humby, George
 796, Hungerbuhler, Norbert
 797, Huntemann, Svenja
 798, Hurlbert, Glenn H.
 799, Hussein, Saud
 800, Hyatt, Matthew
 801, Iannucci, Douglas E.
 802, Iba, Victoria
 803, Iiams, Joel
 804, Imatomi, Kohtaro
 805, Imbert, Laurent
 806, Inaba, Youichi
 807, Inoue, Maakito
 808, Insko, Erik
 809, Ionascu, Eugen J.
 810, Iordache, Adrian
 811, Iosevich, Alex
 812, Irie, Yuki
 813, Isaacson, Brad
 814, Ismailescu, Dan
 815, Isnaini, Uha
 816, Ito, Shunji
 817, Jacob, Jobby
 818, Jacobs, R.
 819, Jakimczuk, Rafael
 820, James, Jeffery
 821, James, Kevin
 822, Jana, Subhajit
 823, Janardhanan, Mano Vikash
 824, Jani, Mahendra
 825, Järleberg, Erik
 826, Jaroma, John H.
 827, Jenkins, Hugo
 828, Jenkins, Paul
 829, Jenkins, Scott
 830, Jha, Sumit Kumar
 831, Jia, Chang-Kun
 832, Jiang, Wen
 833, Jin, Hai-Tao
 834, Jin, Renling
 835, Jiu, Lin
 836, Jobson, Adam
 837, Johnson, John H.
 838, Johnson, Katie
 839, Johnson, Keith
 840, Jones, Edna
 841, Jones, Lenny
 842, Jonsson, Markus
 843, Jordan, Jill E.
 844, Jouhet, Frédéric
 845, Joyner, David
 846, Juarez, Jazmine
 847, Juillerat, Jacob
 848, Junes, Leandro
 849, Jungers, Raphaël M.
 850, Jungić, Veselin
 851, Just, Matthew
 852, Juyal, Abhishek
 853, Kadiri, Habiba
 854, Kafle, Bir
 855, Kahane, J.-P.
 856, Kahkeshani, Reza
 857, Kahrobaei, Delaram
 858, Kainhofer, Reinhold
 859, Kalle, Charlene
 860, Kallus, Margaret G.
 861, Kalmynin, A. B.
 862, Kamano, Ken
 863, Kanasri, N. R.
 864, Kane, Daniel M.
 865, Kaneko, Hajime
 866, Kang, Jeong-Hyun
 867, Kang, Ross J.
 868, Kannan, S. S.
 869, Kanungo, Siddhartha
 870, Kao, Kuo-Yuan
 871, Kapbasov, Ardak
 872, Kapbasov, Arman
 873, Kaplan, Gil
 874, Kaplan, Nathan
 875, Kar, Nirupam
 876, Karaatli, Olcay
 877, Karabulut, Cihan
 878, Karaivanov, Borislav
 879, Kariv, Jonathan
 880, Károlyi, Gyula
 881, Kathiravan, T.
 882, Katriel, Jacob
 883, Katsipis, Nikos
 884, Kaur, Mandeep
 885, Kawasaki, Naho
 886, Kay, Bill
 887, Kaye, Ian
 888, Kazda, Alexandr
 889, Keane, Michael
 890, Keaton, Rodney
 891, li> Keilthy, Adam
 892, Keister, Derrick M.
 893, Keith, William J.
 894, Kellner, Bernd C.
 895, Kelvey, Robert
 896, Kemkes, Graeme
 897, Kendrick, Caleb
 898, Kendirli, Barış
 899, Kerada, Mohamed
 900, Kervaire, Michel
 901, Kesicioğlu, Yavuz
 902, Khan, Bilal
 903, Khan, Mizan R.
 904, Khodkar, Abdollah
 905, Khomovsky, Dmitry I.
 906, Khongsit, S.
 907, Khoshnam, Foad
 908, Kifer, Curtis
 909, Kihel, Omar
 910, Kılıç, Emrah
 911, Kim, Byeong Moon
 912, Kim, Byungchan
 913, Kim, Dae San
 914, Kim, Insuk
 915, Kim, John Y.
 916, Kim, Seoyoung
 917, Kim, Sungjin
 918, Kim, Young Jin
 919, Kimberling, Clark
 920, King, Adam J.
 921, King, Dylan
 922, King, Samuel
 923, Kinlaw, Paul
 924, Kirgizov, Sergey
 925, Kirillov, Juri
 926, Kirschenhofer, Peter
 927, Kirschmer, Markus
 928, Kiss, Sándor Z.
 929, Kitaev, Sergey
 930, Kitaoka, Yoshiyuki
 931, Kitrossky, Levi
 932, Klausen, Frederik Ravn
 933, Klazar, Martin
 934, Klop, Jan Willem
 935, Klouda, Karel
 936, Klyve, Dominic
 937, Knapp, Michael P.
 938, Knop, Konstantin
 939, Knopfmacher, A.
 940, Koch, Zoe
 941, Koh, Doowon
 942, Kohl, Karen T.
 943, Köklüce, Bülent
 944, Kolitsch, Louis W.
 945, Komatsu, Takao
 946, Kominers, Scott Duke
 947, Komornik, Vilmos
 948, Konstantogiannis, Spiros
 949, Kontorovich, Alex
 950, Konyagin, Sergei V.
 951, Kook, Woong
 952, Koparal, Sibel
 953, Kórus, Péter
 954, Köppe, Matthias
 955, Kops, J. Christopher
 956, Koshy, Thomas
 957, Kosovalić, Nemanja
 958, Kouril, Michal
 959, Kowalenko, Victor
 960, Křížek, Michal
 961, Kraaikamp, Cor
 962, Krattenthaler, Christian
 963, Krause, Adam
 964, Kravitz, Noah
 965, Krawchuk, Colin
 966, Kritschgau, Jürgen
 967, Kreh, Martin
 968, Kritzer, Peter
 969, Křížek, Michal
 970, Kronholm, Brandt
 971, Kruczek, Klay
 972, Krüger, Oliver
 973, Krylov, Nikolai A.
 974, Kuba, Markus
 975, Kubelka, Richard P.
 976, Kuhapatanakul, Kantaphon
 977, Kukla, Andrzej
 978, Kumar, Abhimanyu
 979, Kumar, Balesh
 980, Kumar, Hitesh
 981, Kumar, Manish
 982, Kumar, Nikhil
 983, Kumar, Shiv Datt
 984, Kumchev, Angel V.
 985, Kurlberg, Pär
 986, Kurt, Veli
 987, Kushwaha, Seema
 988, Kwong, Harris
 989, Kwong, Man Kam
 990, Kyllönen, Urpo M.
 991, Łaba, Izabella
 992, Labelle, Antoine
 993, Lagarias, Jeffrey C.
 994, Lages, António
 995, Lalín, Matilde
 996, Lam, Heung Yeung
 997, Lamarche, Alicia
 998, Lambert, Joshua
 999, Lampret, Vito
1000, Lan, Bin
1001, Landman, Bruce
1002, Landsberg, Adam Scott
1003, Lane-Harvard, Liz
1004, Langeveld, Niels
1005, Langlois, Bruno
1006, Lanning, Charles
1007, Lao, Huixue
1008, Laohakosol, Vichian
1009, Lapointe, Mélodie
1010, Larsen, Bayley
1011, Larson, C. E.
1012, Larson, Matt
1013, Larsson, Urban
1014, Lazarev, Oleg
1015, Law, Shirley
1016, Leach, David
1017, Lebowitz-Lockard, Noah
1018, Ledoan, Andrew H.
1019, Lee, Ethan S.
1020, Lee, Jaewoo
1021, Lee, Jun Ho
1022, Lee, Philip
1023, Lee, Si Ying
1024, Lee, Sunyoung
1025, Lefmann, Hanno
1026, Lehmann, Hunter
1027, Lekuona, Alberto
1028, Lelis, Jean
1029, Lengyel, Tamás
1030, Lentfer, John
1031, Leonessi, Davide
1032, Lepinski, Mathew
1033, Leroy, Julien
1034, LeSaulnier, Tim
1035, Leth, Steven
1036, Lettington, Matthew C.
1037, Leung, Ho-Hon
1038, Leung, Wing Hong
1039, Lev, Vsevolod F.
1040, Levy, Dan
1041, Levy, Karl
1042, Lewis, Max
1043, Lewis, Ryan H.
1044, Lewis, Scott
1045, Lewittes, Joseph
1046, Li, Bei
1047, Li, Chun
1048, Li, Deyaun
1049, Li, Haifeng
1050, Li, Hsuan-Chu
1051, Li, Jinjiang
1052, Li, Rusen
1053, Li, Shiyu
1054, Li, Shuguang
1055, Li, Taiyu
1056, Li, Teresa X.S.
1057, Li, Ting Hon Stanford
1058, Li, Xian-Jin
1059, Li, Xiaoping
1060, Li, Yangcheng
1061, Li, Yuan
1062, Li, Yuanlin
1063, Li, Zhangyuan
1064, Li, Zhao-Jun
1065, Li, Zhonghua
1066, Liardet, Pierre
1067, Lichtblau, Daniel
1068, Lichtman, Jared Ducker
1069, Lidický, Bernard
1070, Lim, Chang Mou
1071, Lim, Chu-Wee
1072, Lim, Dongkyu
1073, Lin, Hsueh-Yung
1074, Lin, Ying-Jie
1075, Linz, William
1076, Liqun, Tao
1077, Liskovets, Valery A.
1078, Litsyn, Simon
1079, Liu, Dan
1080, Liu, Guodong
1081, Liu, Ji-Cai
1082, Liu, Wen An
1083, Liu, Yang P.
1084, Liu, Zhi-Guo
1085, Ljujić, Željka
1086, López, Josefina
1087, Lockard, Shannon
1088, Locke, Stephen C.
1089, Loehr, Nicholas A.
1090, Loftin, Anne Marie
1091, Lohr, Andrew
1092, Lombaers, Peter
1093, Lomelí, Ana Cecilia García
1094, Lopes, José Othon
1095, Lopes, Pedro
1096, López, Josefina
1097, Loomis, Paul
1098, Loreti, Paola
1099, Lott, Adam
1100, Lott, Andrew
1101, Louchard, Guy
1102, Lovejoy, Jeremy
1103, Loveless, Andrew D.
1104, Low, Richard M.
1105, Lu, Qing-Lin
1106, Luca, Florian
1107, Luckner, Thomas
1108, Lumley, Allysa
1109, Luntzlara, Noah
1110, Luo, Jiagui
1111, Luo, Victor
1112, Luo, Wenyu
1113, Luong, Tran Dihn
1114, Lupini, Martino
1115, Lyall, Neil
1116, Lyzinski, Vince
1117, Ma, Lin
1118, Ma, Shilin
1119, Ma, Xin-Rong
1120, Ma, Yingbin
1121, Maamra, Mohammed Said
1122, Maaouia, Mohamed Ben Fraj Ben
1123, Mačaj, Martin
1124, Macías, Jhixon
1125, MacMillan, Kieren
1126, Mackenzie, Dana
1127, Magner, Richard
1128, Magness, Elsa
1129, Maharaj, Hiren
1130, Mahlburg, Karl
1131, Maitland, Christopher
1132, Maitra, Subhamoy
1133, Makino, Kazuhisa
1134, Maleki, Amir
1135, Manabe, Hikaru
1136, Mangerel, Alexander P.
1137, Mangueira, Milena Carolina dos Santos
1138, Manhart, Ethan
1139, Mani, Arun P.
1140, Manske, Jacob
1141, Manski, Sarah
1142, Mansour, Toufik
1143, Marcovecchio, Raffaele
1144, Marcovici, Irène
1145, Maresch, Gabriel
1146, Marín, J.M.
1147, Markovich, Maria
1148, Markström, Klas
1149, Marler, Jonathan J.
1150, Maroti, Attila
1151, Marques, Diego
1152, Martin, Greg
1153, Martin, Harold W.
1154, Martin, James B.
1155, Martin, Ryan R.
1156, Martinez, Conrado
1157, Martínez, Fabio Enrique Brochero
1158, Martinjak, Ivica
1159, Martinsson, Anders
1160, Masáková, Zuzana
1161, Masubuchi, H.
1162, Masuda, Ariane M.
1163, Matiyasevich, Yuri
1164, Matolcsi, M.
1165, Matsuda, Kazuhide
1166, Matsuki, Norichika
1167, Mattarei, Sandro
1168, Mattes, Connor
1169, Matthews, Gretchen L.
1170, Matveev, Andrey O.
1171, Maureso, Montserrat
1172, Mauro, David W.
1173, Mayers, Nicholas W.
1174, Mayle, Jacob
1175, Mays, Michael E.
1176, Mazhouda, Kamel
1177, Mazumdar, Eshita
1178, Mazur, Marcin
1179, Mbarki, Khadija
1180, Mbirika, aBa
1181, McAllister, Tyrrell B.
1182, McAnally, Nathan
1183, McCarthy, Dermot
1184, McCarty, Viola
1185, McCurdy, Sarah K.
1186, McDonald, Alex
1187, McDonald, Brian
1188, McDonald, Daniel C.
1189, McGaughlin, James
1190, McGown, Kevin J.
1191, Mcharo, Solomon
1192, McIntosh, Richard J.
1193, McKay, Ghislain
1194, McKay, Neil A.
1195, McKenzie, Pierre
1196, Mc Laughlin, James
1197, McNew, Nathan
1198, Meadows, Alex
1199, Medina, Luis A.
1200, Meehan, Sean
1201, Meek, Tommy
1202, Meemark, Yotsanan
1203, Mehdizadeh, Marzieh
1204, Mei, Shu-Yuan
1205, Mekkaoui, Mohammed
1206, Meleshko, Joseph
1207, Melham, R. S.
1208, Melles, Caroline
1209, Menard, Jed
1210, Mennen, Carminda M.
1211, Mercer, Idris
1212, Merikoski, Jorma K.
1213, Merlini, Donatella
1214, Mertens, Michael H.
1215, Mesdal, G. A.
1216, Meyerowitz, Aaron
1217, Mező, István
1218, Mhanna, Antoine
1219, Miao, Rong
1220, Micek, Piotr
1221, Michael, T. S.
1222, Mihoubi, Miloud
1223, Miller, Joe
1224, Miller, Steven J.
1225, Milley, Rebecca
1226, Mills, Donald
1227, Minter, M.
1228, Mintos, Alexia S.
1229, Mishra, Bhawesh
1230, Mistri, Raj Kumar
1231, Mitchell, Patrick
1232, Miyadera, Ryohei
1233, Mizuhara, Matthew S.
1234, Moen, Courtney
1235, Moffie, Micha
1236, Moghaddamfar, A. R.
1237, Mohammadi, Ali
1238, Mohammed, Mohamud
1239, Mohsenipour, Shahram
1240, Moll, Victor H.
1241, Molla, Md Ibrahim
1242, Molnar-Saska, Ildiko
1243, Momihara, Koji
1244, Moncel, Julien
1245, Mondal, Santanu
1246, Monks, Keenan
1247, Mono, Andreas
1248, Monopoli, Francesco
1249, Montejano, Amanda
1250, Moody, Dustin
1251, Moore, Phil
1252, Morales, Marina C.
1253, More, Yogesh
1254, Moree, Pieter
1255, Morgan, Hannah
1256, Morgenbesser, Johannes F.
1257, Mori, Katsuya
1258, Morier-Genoud, Sophie
1259, Moriya, B. K.
1260, Morrill, Thomas
1261, Morrison, Robert
1262, Moscariello, Alessio
1263, Moses, Peter J. C.
1264, Mosley, William Colin
1265, Moyer, Tatiana
1266, Mukherjee, Antara
1267, Mukherjee, Sajal Kumar
1268, Mullen, Todd
1269, Muller, Tom
1270, Munagi, Augustine O.
1271, Munarini, Emanuele
1272, Munday, Sara
1273, Münkel, Florian
1274, Murru, Nadir
1275, Muskat, Joseph B.
1276, Mutafchiev, Ljuben
1277, Müyesser, Alp
1278, Myers, Kellen
1279, Nadeau, Philippe
1280, Nagy, Gábor V.
1281, Naika, M. S. Mahadeva
1282, Naimi, Ramin
1283, Nakamura, Shunsuke
1284, Nakano, Fumihiko
1285, Nakaya, Yushi
1286, Namboothiri, K Vishnu
1287, Nanoti, Saraswati
1288, Nansoko, Souleymane
1289, Narayan, Darren A.
1290, Narayanan, Shyam
1291, Nash, Lexi
1292, Naslund, Eric
1293, Natalini, Pierpaolo
1294, Nataraj, Karthik
1295, Nath, Rishi
1296, Nathanson, Melvyn B.
1297, Ndong, Florent Nguema
1298, Nedela, Roman
1299, Nedev, Zhivko
1300, Németh, László
1301, Nešetřil, Jaroslav
1302, Neto, João Pedro
1303, Neuhauser, Markus
1304, Nevans, C. Wesley
1305, Newman, David
1306, Nkonkobe, Sithembele
1307, Nguyen, Hieu D.
1308, Nguyen, Hoi H.
1309, Nicholson, John W.
1310, Nicolae, Florin
1311, Nicolas, Jean-Louis
1312, Niederhausen, Heinrich
1313, Nielsen, Pace P.
1314, Nienborg, Hauke
1315, Nitica, Viorel
1316, Niu, Chuan-Ze
1317, Noble, Matt
1318, Noll, Jenna
1319, Normenyo, Benedict Vasco
1320, Nowakowski, Richard J.
1321, Ntienjem, Ebénézer
1322, Nugent, Brian
1323, Nuida, Koji
1324, Nu'Man, Anisah
1325, Nyandwi, S.
1326, Obando, Rodrigo A.
1327, O'Bryant, Kevin
1328, O'Dorney, Evan
1329, Offner, David
1330, Ohno, Yasuo
1331, Ohtsuka, Hideyuki
1332, Ohyama, Hiroshi
1333, Ojah, Kanan Kumari
1334, O'Kuhn, Cooper
1335, Olafson, Hailey
1336, Oliveira e Silva, Tomás
1337, Oller-Marcén, Antonio M.
1338, Olson, Jeffrey S.
1339, Omar, Mohamed
1340, Ömür, Neşe
1341, O'Neill, Christopher
1342, Ong, Darren C.
1343, Ono, Ken
1344, Orosz, Brooke
1345, Osburn, Robert
1346, O'Shea, Edwin
1347, O'Sullivan, Cathal
1348, O'Sullivan, Cormac
1349, Otmani, Yassine
1350, Ottaway, Paul
1351, Ouellet, Vincent
1352, Ovsienko, Valentin
1353, Owens, C. S.
1354, Oyono, Roger
1355, Ozen, Mustafa
1356, P., Akhilesh
1357, Pach, Péter Pál
1358, Paixão, João
1359, Pakianathan, Jonathan
1360, Pakovich, F.
1361, Palka, Ryszard
1362, Palmer, Joseph
1363, Palsson, Eyvindur Ari
1364, Pan, Hao
1365, Pan, Minghao
1366, Pan, Yanbin
1367, Panario, Daniel
1368, Panda, Gopal Krishna
1369, Pandey, Mayank
1370, Pandey, Mohan
1371, Pandey, Prem Prakash
1372, Pandey, Ram Krishna
1373, Panholzer, Alois
1374, Parenti, Salvatore
1375, Paris, Richard B.
1376, Park, Andrew
1377, Park, Poo-Sung
1378, Park, Poo-Sung
1379, Parreau, Aline
1380, Parrish, Joseph
1381, Parshall, Hans
1382, Passant, Jonathan
1383, Patel, Bijan Kumar
1384, Paterson, Mike
1385, Patkowski, Alexander E.
1386, Patra, Asim
1387, Patra, Kamal Lochan
1388, Patra, Sourav Kanti
1389, Patrick, Matthew
1390, Patry, Miriam
1391, Pattanayak, S. K.
1392, Patterson, D.
1393, Paudel, Bishnu
1394, Paul, Krishnendu
1395, Paul, Michael D.
1396, Paul, Prabal
1397, Paul, Shameek
1398, Paule, Peter
1399, Pegado, Sean
1400, Pehlivan, Lerna
1401, Peilloux, Alexis
1402, Pejković, Tomislav
1403, Pelantová, Edita
1404, Peng, Jiangtao
1405, Peng, Junyao
1406, Penland, Andrew
1407, Penman, David
1408, Penniston, David
1409, Pensyl, Thomas W.
1410, Perlmutter, Norman Lewis
1411, Petersen, T. Kyle
1412, Peterson, Carsten
1413, Pethő, Attila
1414, Petrenko, B. V.
1415, Petricevic, Vinko
1416, Petrossian, Armen
1417, Pham, Nhung
1418, Pham, Thang
1419, Philippe, Fabrice
1420, Phillips, David
1421, Phillips, Reed
1422, Phillips, Tristan
1423, Piddle, Melissa
1424, Pigno, Vincent
1425, Pigott, Brian
1426, Pihko, J.
1427, Pikhurko, Oleg
1428, Pilehrood, Khodabakhsh Hessami
1429, Pilehrood, Tatiana Hessami
1430, Pillichshammer, Fridrich
1431, Pineda-Villavicencio, Guillermo
1432, Pinner, Christopher
1433, Pirsic, Gottlieb
1434, Pita-Ruiz, Claudio
1435, Plagne, Alain
1436, Plambeck, Thane E.
1437, Planat, Michel
1438, Plankis, Tomas
1439, Platt, David John
1440, Pleasant, Kendra
1441, Plick, Thomas A.
1442, Pluhár, András
1443, Poelstra, Andrew
1444, Pohoata, Cosmin
1445, Polasub, Mickey
1446, Pollack, Paul
1447, Pollicott, Mark
1448, Pomales, Luisiany
1449, Pomerance, Carl
1450, Pong, Wai Yan
1451, Pongsriiam, Prapanpong
1452, Ponomarenko, Vadim
1453, Ponton, Lionel
1454, Prakash, Gyan
1455, Prakash, Om
1456, Prasad, Devendra
1457, Prasad, K. V.
1458, Prasad, M.
1459, Pratt, Kyle
1460, Preece, D.A.
1461, Prikhod'ko, Alexander
1462, Pritikin, Dan
1463, Prodinger, Helmut
1464, Propp, James
1465, Puchta, J. -C.
1466, Pudwell, Lara
1467, Punyani, Pooja
1468, Purdum, David
1469, Pyle, E. E.
1470, Qi, Feng
1471, Qi, Wei-Wei
1472, Qian, Jianguo
1473, Qu, Yongke
1474, Quaintance, Jocelyn
1475, Radder, Jeanne
1476, Radoičić, Radoš
1477, Radziejewska, Mirosława
1478, Rafilipojaona, Fanasina
1479, Raghu, Anand
1480, Rajkhowa, Shraddha
1481, Rakotondrajao, Fanja
1482, Ramakrishana, B.
1483, Ramaré, O.
1484, Ramharter, G.
1485, Ramírex Alfonsín, J.L.
1486, Ramírez, José L.
1487, Rampersad, Narad
1488, Rana, Meenakshi
1489, Randriam, Hugues
1490, Randrianantenaina, Jean Lucien
1491, Rankin, Stuart A.
1492, Rasmussen, Peter Michael Reichstein
1493, Rath, Purusottam
1494, Rathie, Arjun K.
1495, Rattanamoong, Jittinart
1496, Räty, Eero
1497, Ray, Chiranjit
1498, Ray, Prasanta Kumar
1499, Rayaguru, Sai Gopal
1500, Rechkin, Rebecca
1501, Reddy, A. Satyanarayana
1502, Regev, Alon
1503, Rehberg, Sophie
1504, Rehm, Hunter
1505, Rehmert, Jonathan
1506, Reinholz, Lindsey
1507, Reis, Rogério
1508, Reiter, Harold
1509, Remmel, Jeffrey
1510, Renault, Gabriel
1511, Reutenauer, Christophe
1512, Revuelta, M.P.
1513, Rezig, Boualam
1514, Rho, Yoomi
1515, Rhoades, Robert C
1516, Rhodes, Devon
1517, Riasat, Samin
1518, Ribenboim, Paulo
1519, Ribas, Sávio
1520, Ribó, Ares
1521, Ricci, Paolo Emilio
1522, Rice, Alex
1523, Rice, Brian
1524, Richardson, Thomas M.
1525, Richman, David Harry
1526, Richman, David Ross
1527, Richmond, Bruce
1528, Richomme, Gwenäel
1529, Rigo, Michel
1530, Riley, Katherine
1531, Rinaldi, Simone
1532, Rivera, Luis Manuel
1533, Robbins, Neville
1534, Robert, Gerardo Gonález
1535, Robertson, Aaron
1536, Robertson, Leanne
1537, Robinson, Jr., E. Arthur
1538, Robinson, Luc
1539, Robinson, Rhett S.
1540, Roche, James R.
1541, Roche-Newton, Oliver
1542, Rødseth, Øystein J.
1543, Roettger, E. L.
1544, Rosema, S. W.
1545, Ross, John
1546, Rote, Günter
1547, Rouse, Jeremy
1548, Rout, S. S.
1549, Rowell, Michael
1550, Rowland, Eric S.
1551, Rowley, Fred
1552, Roy, Bidisha
1553, Rozier, Olivier
1554, Rubinstein, Michael O.
1555, Ruciński, Andrzej
1556, Rudnev, M.
1557, Rudzinski, James
1558, Rué, Juanjo
1559, Rushall, Jeff
1560, Ruzsa, Imre
1561, Ryan, Richard F.
1562, Rybnikov, Konstantin
1563, Saba, Nabiha
1564, Sabo, Dusty
1565, Sadahiro, Taizo
1566, Sagan, Bruce E.
1567, Sahasrabudhe, Julian
1568, Sahay, Anurag
1569, Şahin, Adem
1570, Sahin, Murat
1571, Sahoo, Binod Kumar
1572, Sahs, Marvin L.
1573, Saikia, Anupam
1574, Saikia, Nipen
1575, Saikia, P.K.
1576, Sakai, Yuho
1577, Salerno, Adriana
1578, Salvi, Norma Zagaglia
1579, Samidoost, Payam
1580, Sander, J.W.
1581, Sander, T.
1582, Sándor, Csaba
1583, Sándor, József
1584, Sanna, Carlo
1585, li> Santiago-Calderón, Carlos F.
1586, Santini, Stefano
1587, Santos, José Plínio O.
1588, Sarkar, Santanu
1589, Sarkar, Subha
1590, Sárközy, Andraás
1591, Sankaranarayanan, Ayyadurai
1592, Sarma, Ritumoni
1593, Sarmah, Bipul Kumar
1594, Sastry, K.R.S.
1595, Sato, Hirotaka
1596, Saunders, J. C.
1597, Savage, Carla D.
1598, Savchev, Svetoslav
1599, Schaal, Daniel
1600, Scharaschkin, Victor
1601, Schlage-Puchta, Jan-Christoph
1602, Schlatter, Mark
1603, Schmid, Wolfgang A.
1604, Schmid, Wolfgang Ch.
1605, Schmidt, Karl Michael
1606, Schmidt, Matthew
1607, Schmidt, Maxie Dion
1608, Schmitt, John R.
1609, Schnabel, Ofir
1610, Schneider, Carsten
1611, Schneider, Robert
1612, Schonbek, Tomas
1613, Schoen, Tomasz
1614, Schramm, Wolfgang
1615, Schulman, Michael
1616, Schumacher, Paul R. F.
1617, Schurman, Iman
1618, Schuyler, Adam
1619, Schwab, Emil Daniel
1620, Schwab, Gabriela
1621, Schweiger, Fritz
1622, Schymura, Matthias
1623, Scott, Reese
1624, Seaberg, Laura
1625, Séébold, Patrice
1626, Seki, Shin-ichiro
1627, Selfridge, John
1628, Selinger, Peter
1629, Seller, Summer
1630, Sellers, James A.
1631, Sengupta, Sayak
1632, Sen Gupta, Sourav
1633, Senger, Steven
1634, Sepanski, Benjamin
1635, Seraj, Samer
1636, Serbenyuk, Symon
1637, Sereni, Jean-Sébastien
1638, Serra, Oriol
1639, Sertbaş, Doğa Can
1640, Setyadi, Alison
1641, Severini, Simone
1642, Shaikh, Md. Moid
1643, Shallit, Jeffrey
1644, Shaman, Paul
1645, Shankar, Ajeet
1646, Shankman, Daniel
1647, Shannon, S. R.
1648, Shao, Lily
1649, Shapiro, Daniel B.
1650, Shapiro, Louis W.
1651, Shapiro, S. David
1652, Shar, Nathaniel
1653, Sharma, Aaditya
1654, Shi, Sanying
1655, Shi, Xiao-Ting
1656, Shim, Peter C.
1657, Shiu, Peter
1658, Shkredov, Ilya D.
1659, Shonhiwa, Temba
1660, Shoukry, K.
1661, Shparlinski, Igor E.
1662, Shattuck, Mark
1663, Sheard, Michael
1664, Shelton, Kennan
1665, Sheikh, Numan
1666, Shekatkar, Snehal M.
1667, Shen, Chun-Yen
1668, Shen, Karen
1669, Shevelev, Vladimir
1670, Siavashi, Sahar
1671, Sicherman, George
1672, Sidorov, Nikita
1673, Sieben, Nándor
1674, Siegel, Aaron N.
1675, Siegel, Anne
1676, Siktar, Joshua M.
1677, Sills, Andrew V.
1678, Silva, Elaine
1679, Silva, Jorge Nuno
1680, Simay, Greg
1681, Simbaqueba, Lina Maria
1682, Simonelli, Italo
1683, Simpson, Jamie
1684, Sing, Bernd
1685, Singh, Mritunjay Kumar
1686, Singh, Rajesh P.
1687, Singh, Satyanand
1688, Singhal, Deepesh
1689, Singthongla, P.
1690, Sinha, Nilotpal Kanti
1691, Sîntămărian, Alina
1692, Sirvent, Víctor F.
1693, Sissokho, Papa A.
1694, Sittinger, Brian D.
1695, Sivek, Gary
1696, Sjöstrand, Jonas
1697, Skałba, Mariusz
1698, Skerritt, Matthew
1699, Skogman, Howard
1700, Skordev, G.
1701, Skula, Ladislav
1702, Skyers, Marina
1703, Slavin, Keith R.
1704, Sledd, Levi
1705, Slezeviciene-Steuding, Rasa
1706, Sloane, N. J. A.
1707, Słota, Damian
1708, Small, Ben
1709, Smati, A.
1710, Smith, Furman
1711, Smith, Michael
1712, Smith, William W.
1713, Smyth, Chris
1714, Snevily, Hunter
1715, Snider, Lauren
1716, Sofo, Anthony
1717, Solan, Ikhalfani
1718, Solé, Patrick
1719, Solymosi, J.
1720, Somer, Lawrence
1721, Somu, Sai Teja
1722, Sondow, Jonathan
1723, Song, Kyunghwan
1724, Sorenson, Jonathan P.
1725, Sorli, Ronald
1726, Souza, Victor
1727, Spearman, Blair K.
1728, Specker, Ernst
1729, Spencer, Craig
1730, Spencer, Craig V.
1731, Sperber, Steven
1732, Spiegel, Christoph
1733, Spiegelhalter, Paul
1734, Spiegelhofer, Lukas
1735, Spier, Thomás Jung
1736, Spindler, Mark
1737, Spivey, Michael Z.
1738, Sprugnoli, Renzo
1739, Sprunger, Carsten
1740, Sridharan, Manu
1741, Srilakshmi, K.
1742, Srinivasan, Anitha
1743, Sriram, S.
1744, Srivastava, Anshika
1745, Stahl, Aryn
1746, Stamp, Mark
1747, Stanchescu, Yonutz V.
1748, Stanger, Adrian Dan
1749, Stănică, Pantelimon
1750, Stankewicz, James
1751, Stanton, Caitlin
1752, Staps, Merlijn
1753, Stack, Jason
1754, Stein, Alan H.
1755, Stein, Martin
1756, Steinberger, John
1757, Steiner, Wolfgang
1758, Steinerberger, Stefan
1759, Stender, Matthew
1760, Steuding, Jörn
1761, Stevens, Brett
1762, Stewart, Fraser
1763, Stipulanti, Manon
1764, Stocker, Christopher
1765, Stoiciu, Mihai
1766, Stoll, Peter
1767, Stoll, Thomas
1768, Stones, Rebecca J.
1769, Stopple, Jeffrey
1770, Straub, Armin
1771, Strauch, Oto
1772, Strauss, Dona
1773, Strimling, Pontus
1774, Stromquist, Walter
1775, Strzebonski, Adam
1776, Stumpf, Pascal
1777, Styer, Robert
1778, Subramaniam, Dipika
1779, Suda, Sho
1780, Suh, Hong
1781, Sukruan, Lalitphat
1782, Sullivan, Blair D.
1783, Sullivan, Rosemary
1784, Sullivan, Shaun
1785, Sun, Liang
1786, Sun, Xinjie
1787, Sun, Xinyu
1788, Yewen, Sun
1789, Sun, Zhi-Wei
1790, Sundberg, Eric
1791, Surahmat, none
1792, Sury, B.
1793, Swisher, Holly
1794, Szabó, Csaba
1795, Szabó, Sándor
1796, Szalay, László
1797, T, Harishkumar
1798, Ta, Ha
1799, Tachiya, Yohei
1800, Tada, Masato
1801, Tagami, Makoto
1802, Tahay, Pierre-Adrien
1803, Tajbakhsh, H.
1804, Takalani, Ntendeni A.
1805, Takeda, Wataru
1806, Talbot, John
1807, Tall, Amadou
1808, Tan, Elif
1809, Tan, Eng-Tjioe
1810, Tan, Xin Lu
1811, Tait, Michael
1812, Tanabe, Naomi
1813, Tang, Chi-Wu
1814, Tang, Dazhao
1815, Tang, Hengcai
1816, Tang, Min
1817, Tang, Tai-Man
1818, Tanimoto, Shinji
1819, Tanny, Yuval
1820, Tarnu, Daniel
1821, Tauraso, Roberto
1822, Taylor, Clifford
1823, Tchammou, Euloge
1824, Tebon, Suzannah
1825, Tedford, Steven J.
1826, Tefera, Akalu
1827, Temple, Kathryn E.
1828, Teng, Shang-Hua
1829, Tennenhouse, Craig
1830, Tenner, Bridget Eileen
1831, te Riele, Herman
1832, Teşeleanu, George
1833, Thangadurai, R.
1834, Thiel, Johann
1835, Thomas, Neha Elizabeth
1836, Thompson, Katherine
1837, Thompson, Kimberly
1838, Thompson, Lola
1839, Thorne, Frank
1840, Thornton, DJ
1841, Thuswaldner, Jörg
1842, Tiachachat, Meriem
1843, Tian, Peter
1844, Tichenor, Todd
1845, Tiefenbruck, Mark
1846, Tijdeman, Robert
1847, Timmons, Craig
1848, Togbé, Alain
1849, Toh, Pee Choon
1850, Tokaz, Jacent
1851, Tollisen, Gregory
1852, Tomasko, Jessica A.
1853, Tomkins, Hayley
1854, Tomovski, Zivorad
1855, Tongsomporn, Janyarak
1856, Tonien, Joseph
1857, Top, Jaap
1858, Tor, Kimsy
1859, Torf, Jordan N.
1860, Tossavainen, Timo
1861, Tóth, László
1862, Travis, Jennifer
1863, Trenton, M. A.
1864, Treviño, Enrique
1865, Triantafillou, Nicholas George
1866, Trifonov, Ognian
1867, Tringali, Salvatore
1868, Trinh, Minh-Tam
1869, Tripathi, Amitabha
1870, Tripathy, Bibhu Prasad
1871, Trudgian, Tim
1872, Trujillo, Timothy
1873, Trukszyn, Zdzislaw
1874, Tsai, Daniel
1875, Tsegaye, Bineyam
1876, Tseng, Dennis
1877, Tsumura, Yu
1878, Tucker, Amanda
1879, Tung, Katherine
1880, Turnage-Butterbaugh, Caroline
1881, Ueckerdt, Torsten
1882, Ulas, Maciej
1883, Uncini, Francesca
1884, Urbanski, Michael T.
1885, Urick, Jim
1886, Urroz, Jorge Jiménez
1887, Ushiroya, Noboru
1888, Vallières, Daniel
1889, Van Alstine, James
1890, Van Alten, Clint
1891, van der Kamp, Peter H.
1892, Vandehey, Joseph
1893, Vanegas, Elkin Quintero
1894, Vanlalngaia, Ramdinmawia
1895, Van Peski, Roger
1896, Vary, Robert G.
1897, Vassilev, Tzvetalin S.
1898, Veeranna, Y.
1899, Veeranayaka, T. N.
1900, Velich, Jordan
1901, Velká, Tereza
1902, Vella, David C.
1903, Verbitsky, Oleg
1904, Verger-Gaugry, Jean-Louis
1905, Vergne, Michèle
1906, Verreault, William
1907, Verri, M. Cecilia
1908, Vieira, Renata Passos Machado
1909, Vijay, Sujith
1910, Villacorta, Jorge Luis Cimadevilla
1911, Vinagre, Sandra
1912, Vincent, Andrew
1913, Vinh, Le Anh
1914, Vipismakul, Wasin
1915, Vishwakarma, Chandan Kumar
1916, Viswanadham, G. K.
1917, Vo, Anh
1918, Volkert, Klaus
1919, Voloch, Felipe José
1920, von Heymann, Frederik
1921, Voss, K.
1922, Vu, V. H.
1923, Vu, Yen Nhi Truong
1924, Vukusic, Ingrid
1925, Vyalyi, Michael
1926, Vyncke, Pieter
1927, Wage, Nicholas
1928, Wagner, Joshua
1929, Wagon, Stan
1930, Wagstaff, S. S., Jr.
1931, Wahlenmayer, Catherine
1932, Wakefield, Thomas P.
1933, Wakeham, David
1934, Wakhare, Tanay
1935, Walsh, Alexandra
1936, Walsh, Matt
1937, Walsh, P. G.
1938, Walsh, Steven
1939, Walters, Nathan
1940, Wan, James
1941, Wananiyakul, Saeree
1942, Wang, Chen-Ying
1943, Wang, Chunlin
1944, Wang, Dan
1945, Wang, Guoqing
1946, Wang, Haiqing
1947, Wang, Hua
1948, Wang, Jun
1949, Wang, Linlin
1950, Wang, Liuquan
1951, Wang, Qiang
1952, Wang, Qinghong
1953, Wang, Tianming
1954, Wang, Wei
1955, Wang, Wenjie
1956, Wang, Yan
1957, Wang, Xiaoxia
1958, Wang, Xiaoyuan
1959, Wang, Yichen
1960, Wang, Zhaonan
1961, Wanner, Mathias
1962, Ward, Mark Daniel
1963, Warnberg, Nathan
1964, Warnick, Merrill
1965, Warren, Audie
1966, Wästlund, Johan
1967, Watling, Neil
1968, Watson, Lori D.
1969, Waxweiler, Laurent
1970, Weba, Michael
1971, Webster, Jonathan
1972, Wei, Chuanan
1973, Wei, Linli
1974, Wei, Wandi
1975, Wei, Yi
1976, Weiner, Michael D.
1977, Weingartner, Andreas
1978, Weinstein, Madeleine
1979, Weitzer, Mario
1980, Wells, Matthew
1981, Weselcouch, Michael
1982, White, Daniel
1983, White, Susan Calcote
1984, Wiechert, Veit
1985, Wildstrom, D. Jacob
1986, Wilf, Herbert S.
1987, Willette, Michael
1988, Williams, H. C.
1989, Williams, Kenneth S.
1990, Wilson, Bryan
1991, Winkler, Peter
1992, Winterhof, Arne
1993, Withrow, Camron
1994, Witno, Amin
1995, Wituła, Roman
1996, Klaudiusz Wójcik, Klaudiusz
1997, Wolfe, David
1998, Wolird, Christian
1999, Woltman, George
2000, Wong, Erick B.
2001, Wong, Tian An
2002, Wong, Tony W. H.
2003, Wood, David R.
2004, Wood, Philip Matchett
2005, Woodford, Roger
2006, Woodson, Leon C.
2007, Wright, Thomas
2008, Wu, Chai Wah
2009, Xia, Xiang-Gen
2010, Xia, Xingwu
2011, Xu, Ping
2012, Xue, Hui
2013, Yalman, Demet
2014, Yamada, Tomohiro
2015, Yamagami, Atsushi
2016, Yamaguchi, Naoya
2017, Yamaguchi, Yuka
2018, Yamamoto, Shuji
2019, Yan, Catherine
2020, Yan, Lu
2021, Yang, Dan-Mei
2022, Yang, Mingjia
2023, Yang, Qianqian
2024, Yang, Qiduan
2025, Yang, Quan-Hui
2026, Yang, Shichun
2027, Yankov, Christian L.
2028, Yao, Jialing
2029, Yassawi, Reem
2030, Yayenie, Omer
2031, Ye, Dongxi
2032, Ye, Lynnelle
2033, Yee, Ae Ja
2034, Yeroshkin, Dmytro
2035, Yildirim, C. Y.
2036, Yip, Chi Hoi
2037, Yiu, Paul
2038, Yokura, Shoji
2039, Yoshino, Kiyoto
2040, Young, Michael
2041, Young, Paul Thomas
2042, Yu, Gang
2043, Yu, Jing-Jun
2044, Yu, Wen
2045, Yuan, Pingzhi
2046, Yuan, Xueying
2047, Yue, Heng
2048, Zaharescu, Alexandru
2049, Zaleski, Anthony
2050, Zamboni, Luca Q.
2051, Zargar, Arman Shamsi
2052, Zbacnik, Nathaniel
2053, Zeilberger, Doron
2054, Zeleke, Aklilu
2055, Zeleke, Melkamu
2056, Zelinsky, Joshua
2057, Zemor, Gilles
2058, Zemyan, Stephen M.
2059, Zeng, Jiang
2060, Zeng, Tony
2061, Zeng, Xiangneng
2062, Zhan, Tong
2063, Zhang, Min
2064, Zhang, Philip B.
2065, Zhang, Shaohua
2066, Zhang, Wentao
2067, Zhang, Yanbo
2068, Zhang, Yong
2069, Zhang, Zhizheng
2070, Zhang, Zhongfeng
2071, Zhao, Alina F. Y.
2072, Zhao, Feng-Zhen
2073, Zhao, Jianqiang
2074, Zhao, Kanglun
2075, Zhao, Kevin
2076, Zhao, Liangyi
2077, Zheng, Jinze
2078, Zheng, Qi-Yang
2079, Zhong, Qinghai
2080, Zhou, Qizhi
2081, Zhao, Rosie Y.
2082, Zhou, Weiyi
2083, Zhou, Zhi-Jun
2084, Zhu, Long
2085, Zhu, Yuyang
2086, Zhuang, Yan
2087, Ziegler, Volker
2088, Zielinski, Ryan
2089, Zinnel, Laura
